CREATE DATABASE  IF NOT EXISTS `cheaplist` /*!40100 DEFAULT CHARACTER SET utf8 */;
USE `cheaplist`;
-- MySQL dump 10.13  Distrib 5.7.12, for Win64 (x86_64)
--
-- Host: localhost    Database: cheaplist
-- ------------------------------------------------------
-- Server version	5.7.15-log

/*!40101 SET @OLD_CHARACTER_SET_CLIENT=@@CHARACTER_SET_CLIENT */;
/*!40101 SET @OLD_CHARACTER_SET_RESULTS=@@CHARACTER_SET_RESULTS */;
/*!40101 SET @OLD_COLLATION_CONNECTION=@@COLLATION_CONNECTION */;
/*!40101 SET NAMES utf8 */;
/*!40103 SET @OLD_TIME_ZONE=@@TIME_ZONE */;
/*!40103 SET TIME_ZONE='+00:00' */;
/*!40014 SET @OLD_UNIQUE_CHECKS=@@UNIQUE_CHECKS, UNIQUE_CHECKS=0 */;
/*!40014 SET @OLD_FOREIGN_KEY_CHECKS=@@FOREIGN_KEY_CHECKS, FOREIGN_KEY_CHECKS=0 */;
/*!40101 SET @OLD_SQL_MODE=@@SQL_MODE, SQL_MODE='NO_AUTO_VALUE_ON_ZERO' */;
/*!40111 SET @OLD_SQL_NOTES=@@SQL_NOTES, SQL_NOTES=0 */;

--
-- Table structure for table `address`
--

DROP TABLE IF EXISTS `address`;
/*!40101 SET @saved_cs_client     = @@character_set_client */;
/*!40101 SET character_set_client = utf8 */;
CREATE TABLE `address` (
  `id` int(11) NOT NULL AUTO_INCREMENT,
  `city` varchar(45) NOT NULL,
  `street_name` varchar(255) DEFAULT NULL,
  `zip_code` int(11) DEFAULT NULL,
  `lag` double DEFAULT NULL,
  `lng` double DEFAULT NULL,
  PRIMARY KEY (`id`)
) ENGINE=InnoDB AUTO_INCREMENT=233 DEFAULT CHARSET=utf8;
/*!40101 SET character_set_client = @saved_cs_client */;

--
-- Dumping data for table `address`
--

LOCK TABLES `address` WRITE;
/*!40000 ALTER TABLE `address` DISABLE KEYS */;
INSERT INTO `address` VALUES (104,' Béthune',' 483 Centre Commercial La Rotonde',0,50.52258099999999,2.630195),(105,' Sin-le-Noble',' Rocade Est',0,50.3422052,3.0997003),(106,' Villeneuve-d\'Ascq','Quartier de l\'Hôtel de Ville',0,50.618016,3.1308243),(107,' Béthune','483 Rue Benjamin Moloise',0,50.5223581,2.6304773),(108,' Arras','225 Avenue Winston Churchill',0,50.2999308,2.732016499999999),(109,' Arras','225 Avenue Winston Churchill',0,50.3000851,2.7311349),(110,' Escaudœuvres','2 Rue Jean Jaurès',0,50.18413450000001,3.2555191),(111,' Tourcoing','Rue Fidèle Lehoucq',0,50.7206953,3.1595891),(112,' Escaudœuvres','2 Rue Jean Jaurès',0,50.1841836,3.255655899999999),(113,' Roncq','Boulevard d\'Halluin',0,50.73797619999999,3.1360174),(114,' Haubourdin','352 Route nationale',0,50.6320725,2.9687912),(115,' Noyelles-Godault','Route Nationale 43',0,50.41233619999999,2.977426399999999),(116,' Faches-Thumesnil','Chemin de Templemars',0,50.582318,3.079477),(117,' Escaudœuvres','2 Rue Jean Jaurès',0,50.18413,3.255433),(118,' Leers','1 Avenue de l\'Europe',0,50.68055409999999,3.2189572),(119,' Leers','1 Avenue de l\'Europe',0,50.68017589999999,3.217163499999999),(120,' Valenciennes','Avenue du Général Horne',0,50.3455209,3.5190279),(121,' Leers',' Avenue de l\'Europe',0,50.68096309999999,3.225353099999999),(122,' Lomme','Centre Commercial Auchan Englos Les Géants',0,50.63416829999999,2.9697139),(123,' Lezennes','7Bis Rue des Carriers',0,50.61546339999999,3.120385499999999),(124,' Phalempin','47 Rue Jean Baptiste Lebas',0,50.52082149999999,3.0205483),(125,'Loos-en-Gohelle','',0,50.45791000000001,2.792788),(126,' Bruay-la-Buissière','Rue Desseligny',0,50.48641269999999,2.5307007),(127,' Lille','73 Rue Léon Gambetta',0,50.6308003,3.0583403),(128,' Cambrai','rue Saint Aubert',0,50.176193,3.2310856),(129,' Saint-Pol-sur-Ternoise','7 Boulevard Carnot',0,50.3799731,2.3361289),(130,' Mons-en-Pévèle','1 Rue Saint-Jean',0,50.47849,3.1101471),(131,' Lens','4 Place Jean Jaurès',0,50.42954289999999,2.8331537),(132,' Lille','4 Rue d\'Isly',0,50.62552360000001,3.0394176),(133,' Lille','41 Boulevard de la Moselle',0,50.6275174,3.032789699999999),(134,' Lille','193 Rue des Postes',0,50.62352759999999,3.0541049),(135,' Lille','place Tacq',0,50.6209296,3.0353611),(136,' Lomme Cedex','130 rue de Grand But - Boîte Postale 129',0,50.65163999999999,2.977518999999999),(137,' Wasquehal',' Boîte Postale 59',0,50.6810593,3.1234534),(138,' Bray-Dunes','49 Rue Pierre Decock',0,51.063846,2.521229),(139,' Loos','62 Rue du Maréchal Foch',0,50.61527569999999,3.0176735),(140,' Anzin',' Centre Commercial',0,50.3695639,3.502729),(141,' Templemars','Rue Jean Jaurès',0,50.5696136,3.0546132),(142,' Lille','268 Rue Pierre Legrand',0,50.62959999999999,3.095078),(143,' Capinghem','Rue du Grand But',0,50.6464435,2.9737867),(144,' Courrières','Rue Raoul Briquet',0,50.4455871,2.9468022),(145,' Bruay-la-Buissière','1115 Rue de la Libération',0,50.49507070000001,2.5683279),(146,' Villeneuve-d\'Ascq','18 Rue Jules Guesde',0,50.63617499999999,3.1197565),(147,' Coudekerque-Branche','Rue Jacquard',0,51.0156625,2.3796216),(148,' Wattignies','Rue Clemenceau',0,50.5919927,3.053713),(149,' Coudekerque-Branche','Rue Jacquard',0,51.0163776,2.3799389),(150,' Vendin-le-Vieil',' RN 47',0,50.45910599999999,2.825312),(151,' Villeneuve-d\'Ascq','12 Rue Jules Guesde',0,50.6062686,3.075932799999999),(152,' Cambrai','1 Avenue de Paris',0,50.168838,3.231373),(153,' Villeneuve-d\'Ascq','123 Rue du 8 Mai 1945',0,50.63952700000001,3.153718000000001),(154,' Coudekerque-Branche','47 Route de Bergues',0,51.0151552,2.3778008),(155,' Courrières','Rue Raoul Briquet',0,50.4477941,2.9441806),(156,' Wambrechies','491 Rue de Quesnoy',0,50.6922848,3.0515117),(157,' Vieux-Condé','Rue Victor Hugo',0,50.460998,3.567854),(158,' La Madeleine','230 Rue du Général de Gaulle',0,50.6579649,3.074727199999999),(159,' Lille','97 Rue Solférino',0,50.6322116,3.0538507),(160,' Wasquehal','14 Rue de Marcq-en-Barœul',0,50.6704157,3.1228253),(161,' Libercourt','Avenue Blaise Pascal',0,50.4926948,2.9973969),(162,' Saint-Laurent-Blangy',' ZAC des Rosati',0,50.295083,2.791771),(163,' Auchel','5001F Rue d\'Allouagne',0,50.5129787,2.4769791),(164,' Lille Fives','94 Rue de Lannoy',0,50.63373319999999,3.0984757),(165,' Templeuve','29 Rue du Maresquel',0,50.5233344,3.173995300000001),(166,' Seclin','15 Rue de Lorival',0,50.56133209999999,3.0311682),(167,' Fretin','Boulevard du Petit Quinquin',0,50.5770047,3.123535),(168,' Hallennes-lez-Haubourdin','47 Rue Emile Zola',0,50.61500179999999,2.9678343),(169,'109 Rue des Fusillés','',0,50.63913700000001,2.969829),(170,' Seclin',' 350 Avenue de l\'Épinette',0,50.5498639,3.0547023),(171,' Douai',' 60040',0,50.3818643,3.0838561),(172,' Waziers','196 Route de Tournai',0,50.3922885,3.1095463),(173,' Bellaing','D13',0,50.3655797,3.432379),(174,' Loison-sous-Lens','193 Route de Lille',0,50.4477225,2.86508),(175,' Arras','91 Avenue Fernand Lobbedez',0,50.281226,2.7823299),(176,' Wattrelos',' Rue Carnot',0,50.6978426,3.2092266),(177,' Bailleul',' Avenue des Nations Unies',0,50.7243693,2.7389808),(178,' Carvin','165 Route de Meurchin',0,50.4995838,2.9461644),(179,' Dainville','Avenue Jean Mermoz',0,50.2817642,2.7390075),(180,' Beuvry',' Z.A Moulin',0,50.510998,2.684891),(181,' Vermelles','5 Place de la République',0,50.48636399999999,2.7453698),(182,' Courcelles-lès-Lens','Rue Louis Blanc',0,50.41506039999999,3.0247096),(183,' Saint-Nicolas',' Route de Lille',0,50.3040013,2.7926113),(184,' Roubaix','45 Rue Jules Guesde',0,50.68232190000001,3.179772299999999),(185,' Annœullin','71 Rue Roger Salengro',0,50.53097749999999,2.9395372),(186,' Houdain','173 Rue du Docteur Paul Bonduelle',0,50.45389939999999,2.5451017),(187,' Lievin','Rue du Temple',0,50.4309987,2.7540632),(188,' Anzin','77 Rue Jean Jaurès',0,50.3766306,3.518896899999999),(189,' Waziers','98 Route de Tournai',0,50.38820680000001,3.1020488),(190,' Lille','106/116 Boulevard Victor Hugo',0,50.6222098,3.060641599999999),(191,' Beuvry','9 Rue Jules Guesde',0,50.5222904,2.6686969),(192,' Loos','2 Boulevard de la République',0,50.6140217,3.0096449),(193,' Tourcoing','208 Rue du Pont Rompu',0,50.74017380000001,3.1468957),(194,' Roubaix','113 Rue Horace Vernet',0,50.6729239,3.186050400000001),(195,'59 Avenue Maurice Berteaux','',0,51.0280898,2.3518758),(196,' Mazingarbe','43 Chemin de la Bassée',0,50.4713074,2.7506862),(197,' Lille','183 Rue Anatole France',0,50.63641969999999,3.0143702),(198,' Arras','43 Rue Ernest Renan',0,50.2773711,2.7785396),(199,' Lesquin','8 Rue Anatole France',0,50.58910059999999,3.116116899999999),(200,' Arras','48 Avenue Winston Churchill',0,50.29772550000001,2.7551088),(201,' Villeneuve-d\'Ascq','73 Rue Marcel Bouderiez',0,50.619577,3.149946099999999),(202,' Sallaumines','1 Rue Séverine',0,50.42325289999999,2.852168599999999),(203,' Lillers','Zone Industrielle du Plantin',0,50.5684751,2.4581147),(204,' Villeneuve-d\'Ascq','123 Rue du 8 Mai 1945',0,50.63952700000001,3.153718000000001),(205,' Arras','Rue du 11 Novembre',0,50.2779104,2.7882939),(206,' Lambersart',' Avenue de Dunkerque',0,50.637602,3.025956),(207,' Lille','97 Rue Solférino',0,50.6322116,3.0538507),(208,' Ronchin','13 Rue Lavoisier',0,50.6044971,3.0768578),(209,' Lille','154 Boulevard Montebello',0,50.62138640000001,3.045979),(210,' Villeneuve-d\'Ascq','140 Rue Jean Jaurès',0,50.6643407,3.1421556),(211,' Tourcoing','Rue de Fleurus',0,50.735447,3.17293),(212,' Hénin-Beaumont','Rue Montpencher',0,50.4219139,2.9498614),(213,' Saint-Amand-les-Eaux','ZAC - Porte de Tournai',0,50.453911,3.4300747),(214,' Lille','Angle R. d\'arras et de Courmont',0,50.6196813,3.065026899999999),(215,' Le Quesnoy','25 Rue Désiré Tanis',0,50.249446,3.635655),(216,' Grenay','Rue Casimir Beugnet',0,50.4468261,2.7411274),(217,' Sallaumines','1 Rue Arthur Lamendin',0,50.4221029,2.8564567),(218,' Cambrai','1 Avenue de Paris',0,50.168838,3.231373),(219,' Oignies',' bis rue Emile Zola',0,50.4696937,2.9979957),(220,' Gent',' Woodrow Wilsonplein 4',0,51.0485959,3.729729100000001),(221,' Douai','Rue du Kiosque',0,50.3643221,3.0764981),(222,' Loos','92 Rue Georges Potié',0,50.613723,3.001901),(223,' Dunkerque','Boulevard Pierre Mendès France',0,51.03939299999999,2.404426),(224,' Roubaix','21 Bis Grand\' Rue',0,50.6929791,3.174379900000001),(225,' Laventie','55 Rue Robert Parfait',0,50.626138,2.772732),(226,' La Madeleine','94 Avenue de la République',0,50.6454909,3.075745699999999),(227,' Fretin','35 Rue Pasteur',0,50.55738119999999,3.1316385),(228,' Villeneuve-d\'Ascq','6 Rue du Général Leclerc',0,50.63673719999999,3.128432),(229,' Béthune','27 Rue Benoîte Vincent',0,50.52741799999999,2.6383104),(230,'France','',0,50.7223564,3.1596229),(231,'Lille','73 avenue Marx Dormoy',0,50.634955,3.035335),(232,'Wattrelos','10 Impasse Dutilleul',0,50.698252,3.203884);
/*!40000 ALTER TABLE `address` ENABLE KEYS */;
UNLOCK TABLES;

--
-- Table structure for table `category`
--

DROP TABLE IF EXISTS `category`;
/*!40101 SET @saved_cs_client     = @@character_set_client */;
/*!40101 SET character_set_client = utf8 */;
CREATE TABLE `category` (
  `id` int(11) NOT NULL AUTO_INCREMENT,
  `name` varchar(45) NOT NULL,
  `is_active` tinyint(1) NOT NULL,
  `section_id` int(11) NOT NULL,
  `url_image` varchar(150) DEFAULT NULL,
  PRIMARY KEY (`id`),
  KEY `fk_catégorie_rayon1_idx` (`section_id`),
  CONSTRAINT `fk_catégorie_rayon1` FOREIGN KEY (`section_id`) REFERENCES `section` (`id`) ON DELETE NO ACTION ON UPDATE NO ACTION
) ENGINE=InnoDB AUTO_INCREMENT=38 DEFAULT CHARSET=utf8;
/*!40101 SET character_set_client = @saved_cs_client */;

--
-- Dumping data for table `category`
--

LOCK TABLES `category` WRITE;
/*!40000 ALTER TABLE `category` DISABLE KEYS */;
INSERT INTO `category` VALUES (1,'boucherie',1,1,'img/category_img/boucherie.svg'),(2,'rotisserie',1,1,'img/category_img/rotisserie.svg'),(3,'volaille',0,1,'img/category_img/volaille.svg'),(4,'poissonnerie',1,1,'img/category_img/poissonnerie.svg'),(5,'fruits frais',1,2,'img/category_img/fruits_frais.svg'),(6,' legumes frais',1,2,'img/category_img/legumes_frais.svg'),(7,'fruits secs',1,2,'img/category_img/fruits_secs.svg'),(8,'legumes secs',1,2,'img/category_img/legumes_secs.svg'),(9,'plats cuisines',1,3,'img/category_img/plats_cuisines.svg'),(10,'pizza et tartes',1,3,'img/category_img/pizzas_et_tartes.svg'),(11,'legumes et frites',1,3,'img/category_img/legumes_frites.svg'),(12,'glaces',1,3,'img/category_img/glaces.svg'),(13,'entrees et snacks',1,3,'img/category_img/entrees_snacks.svg'),(14,'aperitifs',1,4,'img/category_img/aperitifs.svg'),(15,'conserve',1,4,'img/category_img/conserve.svg'),(16,'feculents',1,4,'img/category_img/feculents.svg'),(17,'condiments',1,4,'img/category_img/condiments.svg'),(18,'soupe et accompagnements',1,4,'img/category_img/soupe_et_accompagnements.svg'),(19,'café et thé',1,5,'img/category_img/cafe_et_the.svg'),(20,'confiserie',1,5,'img/category_img/confiserie.svg'),(21,'petit dejeuner',1,5,'img/category_img/petit_dejeuner.svg'),(22,'biscuits et gateaux',1,5,'img/category_img/biscuits_et_gateaux.svg'),(23,'dessert et farine',1,5,'img/category_img/dessert_et_farine.svg'),(24,'cremerie',1,6,'img/category_img/cremerie.svg'),(25,'fromage et specialités',1,6,'img/category_img/fromage_et_specialites.svg'),(26,'yaourt et dessert',1,6,'img/category_img/yaourt_et_dessert.svg'),(27,'charcuterie',1,7,'img/category_img/charcuterie.svg'),(28,'traiteur',1,7,'img/category_img/traiteur.svg'),(29,'eaux et laits',1,8,'img/category_img/eaux_et_laits.svg'),(30,'jus et soft drinks',1,8,'img/category_img/jus_et_soft_drinks.svg'),(31,'bière et cidre',1,8,'img/category_img/biere_et_cidre.svg'),(32,'apero et alcools',1,8,'img/category_img/apero_et_alcools.svg'),(33,'la cave',1,8,'img/category_img/la_cave.svg'),(34,'boulangerie',1,9,'img/category_img/boulangerie.svg'),(35,'patisserie',1,9,'img/category_img/patisserie.svg'),(36,'viennoiserie',1,9,'img/category_img/viennoiserie.svg'),(37,'divers',1,10,'img/category_img/divers.svg');
/*!40000 ALTER TABLE `category` ENABLE KEYS */;
UNLOCK TABLES;

--
-- Table structure for table `list_product`
--

DROP TABLE IF EXISTS `list_product`;
/*!40101 SET @saved_cs_client     = @@character_set_client */;
/*!40101 SET character_set_client = utf8 */;
CREATE TABLE `list_product` (
  `id` int(11) NOT NULL AUTO_INCREMENT,
  `product_quantity` int(11) NOT NULL,
  `list_id` int(11) NOT NULL,
  `product_id` int(11) NOT NULL,
  PRIMARY KEY (`id`),
  KEY `fk_list_has_product_product1_idx` (`product_id`),
  KEY `fk_list_has_product_list1_idx` (`list_id`),
  CONSTRAINT `fk_list_has_product_list1` FOREIGN KEY (`list_id`) REFERENCES `shopping_list` (`id`) ON DELETE NO ACTION ON UPDATE NO ACTION,
  CONSTRAINT `fk_list_has_product_product1` FOREIGN KEY (`product_id`) REFERENCES `product` (`id`) ON DELETE NO ACTION ON UPDATE NO ACTION
) ENGINE=InnoDB AUTO_INCREMENT=38 DEFAULT CHARSET=utf8;
/*!40101 SET character_set_client = @saved_cs_client */;

--
-- Dumping data for table `list_product`
--

LOCK TABLES `list_product` WRITE;
/*!40000 ALTER TABLE `list_product` DISABLE KEYS */;
INSERT INTO `list_product` VALUES (3,4,22,36117),(4,10,22,36369),(6,3,22,36336),(7,2,22,35565),(8,3,22,35852),(9,2,22,32491),(10,125,22,20321),(11,10,22,11096),(16,4,23,36117),(17,10,23,36369),(18,3,23,36336),(19,2,23,35565),(20,3,23,35852),(21,2,23,32491),(22,140,23,20321),(23,10,23,11096),(27,1,22,15320),(29,3,22,35840),(33,15,22,35729),(36,10,22,8780),(37,2,22,36379);
/*!40000 ALTER TABLE `list_product` ENABLE KEYS */;
UNLOCK TABLES;

--
-- Table structure for table `member`
--

DROP TABLE IF EXISTS `member`;
/*!40101 SET @saved_cs_client     = @@character_set_client */;
/*!40101 SET character_set_client = utf8 */;
CREATE TABLE `member` (
  `id` int(11) NOT NULL AUTO_INCREMENT,
  `name` varchar(45) NOT NULL,
  `login` varchar(45) NOT NULL,
  `password` varchar(45) NOT NULL,
  `created_date` datetime NOT NULL,
  `is_active` tinyint(1) NOT NULL DEFAULT '0',
  `email` varchar(45) NOT NULL,
  `token` varchar(45) DEFAULT 'token',
  `address_id` int(11) DEFAULT NULL,
  PRIMARY KEY (`id`),
  KEY `fk_Utilisateur_ville1_idx` (`address_id`),
  CONSTRAINT `fk_Utilisateur_ville1` FOREIGN KEY (`address_id`) REFERENCES `address` (`id`) ON DELETE NO ACTION ON UPDATE NO ACTION
) ENGINE=InnoDB AUTO_INCREMENT=80 DEFAULT CHARSET=utf8;
/*!40101 SET character_set_client = @saved_cs_client */;

--
-- Dumping data for table `member`
--

LOCK TABLES `member` WRITE;
/*!40000 ALTER TABLE `member` DISABLE KEYS */;
INSERT INTO `member` VALUES (45,'Kamahoro','Greta','jtest79u','2017-01-03 00:00:00',1,'gkamahoro@gmail.com','token',231),(69,'LeGrandSeb','Sebastien','jtest79u','2017-01-03 00:00:00',1,'kywalky@gmail.com','token',232),(70,'LeGrandSeb','Sebastien','jesuisquundieu','2017-01-19 10:24:00',0,'kywalky@gmail.com',NULL,NULL),(71,'LeGrandSeb','Sebastien','jesuisquundieu','2017-01-19 11:52:27',0,'kywalky@gmail.com',NULL,NULL),(79,'LeGrandSeb','Sebastien','Testing','2017-01-24 10:20:20',0,'kywalky@gmail.com',NULL,NULL);
/*!40000 ALTER TABLE `member` ENABLE KEYS */;
UNLOCK TABLES;

--
-- Table structure for table `member_option`
--

DROP TABLE IF EXISTS `member_option`;
/*!40101 SET @saved_cs_client     = @@character_set_client */;
/*!40101 SET character_set_client = utf8 */;
CREATE TABLE `member_option` (
  `id` int(11) NOT NULL AUTO_INCREMENT,
  `name` varchar(45) DEFAULT NULL,
  `value` varchar(45) DEFAULT NULL,
  `member_id` int(11) NOT NULL,
  PRIMARY KEY (`id`),
  KEY `fk_option_member1_idx` (`member_id`),
  CONSTRAINT `fk_option_member1` FOREIGN KEY (`member_id`) REFERENCES `member` (`id`) ON DELETE NO ACTION ON UPDATE NO ACTION
) ENGINE=InnoDB DEFAULT CHARSET=utf8;
/*!40101 SET character_set_client = @saved_cs_client */;

--
-- Dumping data for table `member_option`
--

LOCK TABLES `member_option` WRITE;
/*!40000 ALTER TABLE `member_option` DISABLE KEYS */;
/*!40000 ALTER TABLE `member_option` ENABLE KEYS */;
UNLOCK TABLES;

--
-- Table structure for table `member_shop`
--

DROP TABLE IF EXISTS `member_shop`;
/*!40101 SET @saved_cs_client     = @@character_set_client */;
/*!40101 SET character_set_client = utf8 */;
CREATE TABLE `member_shop` (
  `member_id` int(11) NOT NULL,
  `shop_id` int(11) NOT NULL,
  PRIMARY KEY (`member_id`,`shop_id`),
  KEY `fk_member_has_shop_shop1_idx` (`shop_id`),
  KEY `fk_member_has_shop_member1_idx` (`member_id`),
  CONSTRAINT `fk_member_has_shop_member1` FOREIGN KEY (`member_id`) REFERENCES `member` (`id`) ON DELETE NO ACTION ON UPDATE NO ACTION,
  CONSTRAINT `fk_member_has_shop_shop1` FOREIGN KEY (`shop_id`) REFERENCES `shop` (`id`) ON DELETE NO ACTION ON UPDATE NO ACTION
) ENGINE=InnoDB DEFAULT CHARSET=utf8;
/*!40101 SET character_set_client = @saved_cs_client */;

--
-- Dumping data for table `member_shop`
--

LOCK TABLES `member_shop` WRITE;
/*!40000 ALTER TABLE `member_shop` DISABLE KEYS */;
INSERT INTO `member_shop` VALUES (69,113),(69,114),(69,115),(69,166);
/*!40000 ALTER TABLE `member_shop` ENABLE KEYS */;
UNLOCK TABLES;

--
-- Table structure for table `product`
--

DROP TABLE IF EXISTS `product`;
/*!40101 SET @saved_cs_client     = @@character_set_client */;
/*!40101 SET character_set_client = utf8 */;
CREATE TABLE `product` (
  `id` int(11) NOT NULL AUTO_INCREMENT,
  `name` varchar(255) NOT NULL,
  `ean` bigint(20) NOT NULL,
  `unit_name` text,
  `volume` float DEFAULT '0',
  `brand` varchar(90) NOT NULL,
  `implementation` varchar(90) DEFAULT NULL,
  `url` varchar(255) DEFAULT NULL,
  `category_id` int(11) NOT NULL,
  PRIMARY KEY (`id`),
  KEY `fk_product_category1_idx` (`category_id`),
  CONSTRAINT `fk_product_category1` FOREIGN KEY (`category_id`) REFERENCES `category` (`id`) ON DELETE NO ACTION ON UPDATE NO ACTION
) ENGINE=InnoDB AUTO_INCREMENT=36380 DEFAULT CHARSET=utf8;
/*!40101 SET character_set_client = @saved_cs_client */;

--
-- Dumping data for table `product`
--

LOCK TABLES `product` WRITE;
/*!40000 ALTER TABLE `product` DISABLE KEYS */;
INSERT INTO `product` VALUES (8780,'Choux de Bruxelles',3250390111467,'265 g Net Egoutté',0,'Saint Eloi','','http://fr.openfoodfacts.org/images/products/325/039/011/1467/front.4.400.jpg',15),(11094,'Mediterranean Vegetable Ultra Thin Pizza',9310174209477,'310g',0,'Mccain','','http://fr.openfoodfacts.org/images/products/931/017/420/9477/front.9.400.jpg',10),(11096,'Chicken tandoori pizza',9344378000059,'',0,'','','http://fr.openfoodfacts.org/images/products/934/437/800/0059/front.3.400.jpg',10),(11097,'Stone Baked Fresh Gourmet Pizza - Pumpkin & Pizza',9344378000301,'460g',0,'Della Rosa Traditional Fresh Foods','','http://fr.openfoodfacts.org/images/products/934/437/800/0301/front.6.400.jpg',10),(11098,'Fresh Pizza Mediterranean Lamb',9344378001100,'460g',0,'Della Rosa','','',10),(11099,'Italian Inspired Panini - Tomato & Cheese',9344988000319,'250g',0,'Papa Giuseppis,Dr. Oetker','','http://fr.openfoodfacts.org/images/products/934/498/800/0319/front.6.400.jpg',10),(11101,'Authentic Italian Pizza Bases',9417986936963,'300g',0,'Toscano,Hansells Food Group','','http://fr.openfoodfacts.org/images/products/941/798/693/6963/front.7.400.jpg',10),(15320,'Escalope Milanaise',3435660745706,'310 g (x 4)',0,'Douce France','','',15),(16692,'Mini Smile\' Up',8710438089998,'180 g (2x 90 g)',0,'McCain','','',9),(16694,'Original Bun\'s Poulet Rôti & thym',8710438095098,'4x100 g',0,'McCain','','http://fr.openfoodfacts.org/images/products/871/043/809/5098/front.8.400.jpg',9),(16700,'Original Bun\'s Recette Orientale',8710438099591,'4 * 100 g',0,'McCain','','http://fr.openfoodfacts.org/images/products/871/043/809/9591/front.8.400.jpg',9),(16711,'Mini Mexicano',8712057002976,'1,470 kg',0,'De Vries','','',9),(16719,'Les Océanes, 2 Grillades Tomate & Basilic',8722700130109,'250 g',0,'iglo','','http://fr.openfoodfacts.org/images/products/872/270/013/0109/front.10.400.jpg',9),(16720,'Les Océanes Grillade Herbes et Huile d\'Olive 2,3%',8722700130123,'250 g',0,'Iglo','','',9),(16721,'4 Mexicano Escalero',8725200124616,'400 g',0,'Bakx Foods','','http://fr.openfoodfacts.org/images/products/872/520/012/4616/front.8.400.jpg',9),(16725,'2 Meunières Tradition',8782700729987,'250 g',0,'Iglo','','',9),(16727,'Samoussas au poulet',8855702005776,'160 g',0,'Authentic Asia,Charoen Pokphand,CP','','http://fr.openfoodfacts.org/images/products/885/570/200/5776/front.8.400.jpg',9),(16730,'Spaghetti cacio e pepe, Surgelé',9002181201758,'300 g',0,'Picard','','http://fr.openfoodfacts.org/images/products/900/218/120/1758/front.3.400.jpg',9),(19803,'Miettes extra de morue salée',8431876232370,'250 g',0,'Carrefour','','http://fr.openfoodfacts.org/images/products/843/187/623/2370/front.4.400.jpg',4),(19815,'Oeufs de Lompe Noir ',8480017070739,'100 g',0,'Dia','','http://fr.openfoodfacts.org/images/products/848/001/707/0739/front.7.400.jpg',4),(19816,'Oeufs de Lompe Rouge',8480017070746,'100 g',0,'Dia','','http://fr.openfoodfacts.org/images/products/848/001/707/0746/front.8.400.jpg',4),(19828,'Bâtonnets de Surimi (24 bâtonnets) 400 g',8480017480514,'400 g (24 bâtonnets)',0,'Dia','','http://fr.openfoodfacts.org/images/products/848/001/748/0514/front.4.400.jpg',4),(19829,'Rillettes de Saumon',8480017540614,'2 x 80 g',0,'Dia','','http://fr.openfoodfacts.org/images/products/848/001/754/0614/front.5.400.jpg',4),(19830,'Rillettes de Thon',8480017540621,'2 x 80 g',0,'Dia','','http://fr.openfoodfacts.org/images/products/848/001/754/0621/front.5.400.jpg',4),(19837,'Marmite de Bouillon - Poisson',8712566274734,'168 g (6 x 28 g)',0,'Knorr','','http://fr.openfoodfacts.org/images/products/871/256/627/4734/front.11.400.jpg',4),(19839,'nuoc mam',8850545779990,'720 ml',0,'Tang Sang Hah Co.LTD','','http://fr.openfoodfacts.org/images/products/885/054/577/9990/front.20.400.jpg',4),(20310,'Banane sèche',8935000901649,'300 g',0,'Vinawang','','http://fr.openfoodfacts.org/images/products/893/500/090/1649/front.9.400.jpg',7),(20316,'Mâche & jeunes pousses',3083680903622,'100 g',0,'Bonduelle','','http://fr.openfoodfacts.org/images/products/308/368/090/3622/front.6.400.jpg',6),(20317,'Purée Délice 4 Saveurs',3083680904926,'720 g',0,'Bonduelle','','http://fr.openfoodfacts.org/images/products/308/368/090/4926/front.5.400.jpg',6),(20318,'Endives entières Vapeur Riche en goût',3083680950107,'640 g',0,'Bonduelle','','http://fr.openfoodfacts.org/images/products/308/368/095/0107/front.7.400.jpg',6),(20319,'Mesclun',3083680994606,'145g',0,'bonduelle','','http://fr.openfoodfacts.org/images/products/308/368/099/4606/front.5.400.jpg',6),(20320,'Jeunes Pousses Batavia-Laitue rouge-Romaine - 145 g - Bonduelle',3083680994613,'145 g',0,'Bonduelle','','http://fr.openfoodfacts.org/images/products/308/368/099/4613/front.16.400.jpg',6),(20321,'Carottes râpées',3083681012293,'300 g',0,'Bonduelle','','http://fr.openfoodfacts.org/images/products/308/368/101/2293/front.10.400.jpg',6),(20322,'Bonduelle à poêler',3083681031300,'480g égouté',0,'Bonduelle','','http://fr.openfoodfacts.org/images/products/308/368/103/1300/front.10.400.jpg',6),(20323,'Poêlée rustique la Parisienne',3083681047929,'350 g',0,'Bonduelle','','http://fr.openfoodfacts.org/images/products/308/368/104/7929/front.3.400.jpg',6),(20324,'Légumes du marché Carottes/Haricots Plats/Champignons/Romarin',3083681057676,'350 g',0,'Bonduelle','','http://fr.openfoodfacts.org/images/products/308/368/105/7676/front.5.400.jpg',6),(20325,'Tomates mi-séchées',3083681066098,'120 g',0,'Bonduelle','','',6),(20382,'Instant frites pour le micro-ondes',8710438104097,'2 * 140 g',0,'McCain','','',11),(20383,'Fritessaus Classic XL',8710448691587,'1l',0,'Remia','','http://fr.openfoodfacts.org/images/products/871/044/869/1587/front.4.400.jpg',11),(20384,'Just au Four Classique',8770838064889,'800 g',0,'McCain','','http://fr.openfoodfacts.org/images/products/877/083/806/4889/front.9.400.jpg',11),(20997,'Speed Pocket Jambon Fromage Tomate',3599740008386,'250 g',0,'Findus','','http://fr.openfoodfacts.org/images/products/359/974/000/8386/front.11.400.jpg',13),(20998,'Wrap Poulet Bacon',3599740009765,'2 * 150 g (300 g)',0,'Findus','','http://fr.openfoodfacts.org/images/products/359/974/000/9765/front.8.400.jpg',13),(20999,'Le Kébab Wrap',3760051584320,'320g',0,'France Kebab','','http://fr.openfoodfacts.org/images/products/376/005/158/4320/front.4.400.jpg',13),(21000,'Hacao à la crevette',3760192940283,'200 g',0,'Trèfle','','http://fr.openfoodfacts.org/images/products/376/019/294/0283/front.7.400.jpg',13),(21001,'Coffret variations fromagères, mini feuilletés ',3760197630943,'355 g (30 unités env)',0,'Blini','','http://fr.openfoodfacts.org/images/products/376/019/763/0943/front.6.400.jpg',13),(21002,'2 soufflés au Roquefort',3760197634064,'155 g',0,'Labeyrie','','http://fr.openfoodfacts.org/images/products/376/019/763/4064/front.8.400.jpg',13),(21003,'10 tempura de crevette',5060038581242,'130 g',0,'Apéro\'Prêt','','http://fr.openfoodfacts.org/images/products/506/003/858/1242/front.7.400.jpg',13),(21004,'12 Escargots préparés à la Bourguignonne',5206560002682,'89 g',0,'Delys Escargots,Delys','','',13),(21005,'Piccolinis Tentazione Saumon & Épinards',7613035106482,'9 * 30 g (270 g)',0,'Buitoni','','http://fr.openfoodfacts.org/images/products/761/303/510/6482/front.7.400.jpg',13),(21006,'Escargots à la bourguignonne',7613269296683,'135 g net 89 g',0,'Migros,Pelican','','http://fr.openfoodfacts.org/images/products/761/326/929/6683/front.4.400.jpg',13),(30508,'Jambon',9008684001871,'100g',0,'','','http://fr.openfoodfacts.org/images/products/900/868/400/1871/front.6.400.jpg',27),(31338,'12 crevettes apéritives',1270568833245,'180g',0,'Picard','','http://fr.openfoodfacts.org/images/products/127/056/883/3245/front.16.400.jpg',4),(31339,'Délice au crabe et au homard',1321035005112,'125 g',0,'Kritsen','','http://fr.openfoodfacts.org/images/products/132/103/500/5112/front.8.400.jpg',4),(31375,'pizza mediterranea',2000000016687,'430g',0,'Hacendado','','http://fr.openfoodfacts.org/images/products/200/000/001/6687/front.5.400.jpg',10),(31419,'Banane Cavendish',2228460001155,'0.890 kg',0,'sans marque','','http://fr.openfoodfacts.org/images/products/222/846/000/1155/front.6.400.jpg',5),(31429,'Banane Cavendish',2405091007088,'0,776 kg',0,'Sans marque','','http://fr.openfoodfacts.org/images/products/240/509/100/7088/front.3.400.jpg',5),(31430,'Banane Cavendish',2405091007156,'0,784 kg',0,'Sans marque','','',5),(31431,'Antilles françaises',2405091008276,'1,056 kg',0,'Sans marque,Fruidor Muriserie','','http://fr.openfoodfacts.org/images/products/240/509/100/8276/front.3.400.jpg',5),(31432,'Bananes',2405091012006,'1,32 kg',0,'No brand','','',5),(31445,'Bananes',2860194006107,'937 g',0,'Eco+','','http://fr.openfoodfacts.org/images/products/286/019/400/6107/front.3.400.jpg',5),(31703,'Les Lactés Framboise',3041090981654,'4 * 100 g',0,'Blédina','','http://fr.openfoodfacts.org/images/products/304/109/098/1654/front.6.400.jpg',37),(31706,'L\'aubergine sa tomate et ses petites pâtes',3041090994074,'190g',0,'bledina,danone,Mes amis légumes','','http://fr.openfoodfacts.org/images/products/304/109/099/4074/front.3.400.jpg',37),(31707,'Le navet, ses pommes de terre et son boeuf',3041090994081,'190g',0,'Blédina,Mes amis légumes,Danone','','',37),(31708,'Mes amis légumes (La Tomate son riz & son cabillaud)',3041090994104,'190 g',0,'Blédina,Danone','','http://fr.openfoodfacts.org/images/products/304/109/099/4104/front.6.400.jpg',37),(31709,'Blédichef Douceur d\'artichaut et Pomme de terre',3041090999017,'2 * 230 g (460 g)',0,'Blédina,Danone','','http://fr.openfoodfacts.org/images/products/304/109/099/9017/front.8.400.jpg',37),(31710,'Blédichef Risotto aux Petits pois et Carottes',3041090999024,'2 * 230 g (460 g)',0,'Blédina,Danone','','http://fr.openfoodfacts.org/images/products/304/109/099/9024/front.6.400.jpg',37),(31711,'Blédichef Mousseline de légumes et patate douce',3041090999314,'250 g',0,'Blédina,Danone','','http://fr.openfoodfacts.org/images/products/304/109/099/9314/front.4.400.jpg',37),(31712,'Blédichef Légumes, Pâtes et Cabillaud façon Beurre blanc',3041090999321,'260 g',0,'Blédina,Danone','','http://fr.openfoodfacts.org/images/products/304/109/099/9321/front.4.400.jpg',37),(31713,'Idées de maman - purée de panais merlu blanc',3041091001627,'400 g (2 * 200 g)',0,'Bledina','','http://fr.openfoodfacts.org/images/products/304/109/100/1627/front.8.400.jpg',37),(31714,'Blédîner Douceur d\'Artichaut Petits Légumes et Riz',3041091011947,'2 * 200 g (400 g)',0,'Blédina','','http://fr.openfoodfacts.org/images/products/304/109/101/1947/front.6.400.jpg',37),(31746,'Abricots moelleux',3068230004097,'500 g',0,'Sun','','http://fr.openfoodfacts.org/images/products/306/823/000/4097/front.11.400.jpg',7),(31812,'Le Supérieur -25% de sel',3095757370015,'160 g (4 tranches)',0,'Fleury Michon','','http://fr.openfoodfacts.org/images/products/309/575/737/0015/front.3.400.jpg',27),(31985,'&quot;La perruche&quot; Cassonade douce & croquante',3174660095274,'1 Kg.',0,'Béghin Say','','http://fr.openfoodfacts.org/images/products/317/466/009/5274/front.3.400.jpg',23),(32056,'Bananes séchées',3180840008224,'250 g',0,'Maître Prunille','','',7),(32143,'Crêpes beurrées sucrées &quot;à la cassonade&quot; ',3218938800006,'285 g (8 crêpes)',0,'Paysan breton','','http://fr.openfoodfacts.org/images/products/321/893/880/0006/front.3.400.jpg',23),(32145,'Cassonade',3220035210008,'1 kg',0,'Saint Louis','','http://fr.openfoodfacts.org/images/products/322/003/521/0008/front.8.400.jpg',23),(32146,'cassonade',3220035228003,'',0,'Saint Louis','','http://fr.openfoodfacts.org/images/products/322/003/522/8003/front.3.400.jpg',23),(32147,'Cassonade',3220035410002,'500 g',0,'Saint Louis','','http://fr.openfoodfacts.org/images/products/322/003/541/0002/front.3.400.jpg',23),(32167,'Abricots moelleux',3222471300046,'250 g',0,'Casino','','http://fr.openfoodfacts.org/images/products/322/247/130/0046/front.3.400.jpg',7),(32195,'Cordons bleus de dinde',3222472621201,'400 g',0,'Casino','','http://fr.openfoodfacts.org/images/products/322/247/262/1201/front.6.400.jpg',3),(32491,'2 Cordons Bleus de Dinde',3250390318491,'200 g',0,'Volaé','','http://fr.openfoodfacts.org/images/products/325/039/031/8491/front.3.400.jpg',3),(32667,'Oeufs Bio fermiers ',3251320021238,'12',0,'Loué','','http://fr.openfoodfacts.org/images/products/325/132/002/1238/front.3.400.jpg',24),(32668,'4 oeufs fermiers gros',3251320080419,'4',0,'Loué','','http://fr.openfoodfacts.org/images/products/325/132/008/0419/front.5.400.jpg',24),(32669,'6 Œufs fermiers (gros) de Loué',3251320080617,'6',0,'Loué','','http://fr.openfoodfacts.org/images/products/325/132/008/0617/front.11.400.jpg',24),(32670,'Oeufs fermiers',3251320080914,'10 Oeufs calibre petit',0,'Oeufs fermiers de Loué','','http://fr.openfoodfacts.org/images/products/325/132/008/0914/front.5.400.jpg',24),(32671,'Œufs fermiers de loué',3251320081249,'12 œufs',0,'Loué','','http://fr.openfoodfacts.org/images/products/325/132/008/1249/front.5.400.jpg',24),(32672,'œufs fermiers ',3251320081843,'18 oeufs',0,'Loué','','http://fr.openfoodfacts.org/images/products/325/132/008/1843/front.7.400.jpg',24),(32857,'Bonbons saveur menthe eucalyptus',3256223976739,'300g',0,'U','','http://fr.openfoodfacts.org/images/products/325/622/397/6739/front.6.400.jpg',20),(32918,'Kid Smile',3256830000018,'750 g',0,'McCain','','http://fr.openfoodfacts.org/images/products/325/683/000/0018/front.6.400.jpg',11),(32926,'Abricots moelleux',3257980112088,'250 g',0,'Cora','','http://fr.openfoodfacts.org/images/products/325/798/011/2088/front.7.400.jpg',7),(33080,'Sucre roux de canne en poudre',3263850011313,'1 kg',0,'Leader Price','','http://fr.openfoodfacts.org/images/products/326/385/001/1313/front.3.400.jpg',23),(33086,'Penne',3263850512612,'500 g',0,'Leader Price','','http://fr.openfoodfacts.org/images/products/326/385/051/2612/front.3.400.jpg',16),(33116,'Pois chiches',3263850781490,'1 kg',0,'Leader Price','','',8),(33122,'Pois chiches',3263851378415,'400 g, 265 g net égoutté, 425 ml',0,'Leader Price','','http://fr.openfoodfacts.org/images/products/326/385/137/8415/front.18.400.jpg',8),(33124,'Pois chiches',3263851446619,'660g, 720ml (420g egoutté)',0,'Fraîcheur du Jardin,Leader Price','','http://fr.openfoodfacts.org/images/products/326/385/144/6619/front.8.400.jpg',8),(33260,'Baguette de campagne',3263859932114,'240 g',0,'Leader Price,Bridor','','http://fr.openfoodfacts.org/images/products/326/385/993/2114/front.5.400.jpg',34),(33261,'Assiette Pic Nic',3264056099204,'180 g',0,'Berni','','http://fr.openfoodfacts.org/images/products/326/405/609/9204/front.8.400.jpg',27),(33290,'Les Maxis Cordon bleu de Dinde',3266980133573,'1 kg',0,'Le gaulois','','http://fr.openfoodfacts.org/images/products/326/698/013/3573/front.3.400.jpg',3),(33291,'Escalopes de dinde fermière fines',3266980325640,'0,240 kg',0,'Loué','','http://fr.openfoodfacts.org/images/products/326/698/032/5640/front.4.400.jpg',3),(33292,'Pané façon Crêpe Jambon de dinde Fromage',3266980785871,'200 g',0,'Le Gaulois','','http://fr.openfoodfacts.org/images/products/326/698/078/5871/front.6.400.jpg',27),(33427,'Bûchette sésame',3276550191827,'250 g',0,'Carrefour','','http://fr.openfoodfacts.org/images/products/327/655/019/1827/front.3.400.jpg',34),(33428,'Baguette campagnarde',3276558853451,'250 g',0,'Carrefour','','http://fr.openfoodfacts.org/images/products/327/655/885/3451/front.6.400.jpg',34),(33517,'Baguette Tradition',3289664490007,'',0,'','','http://fr.openfoodfacts.org/images/products/328/966/449/0007/front.4.400.jpg',34),(33655,'Bananes Freyssinette',3347761000021,'500g',0,'Fruidor Rungis','','http://fr.openfoodfacts.org/images/products/334/776/100/0021/front.3.400.jpg',5),(33656,'La Banane Française',3347761000663,'5 fruits',0,'Banane de Guadeloupe & Martinique,Fruidor','','http://fr.openfoodfacts.org/images/products/334/776/100/0663/front.4.400.jpg',5),(33663,'Cordons bleus de dinde',3350030141240,'200 g',0,'Monoprix','','http://fr.openfoodfacts.org/images/products/335/003/014/1240/front.8.400.jpg',3),(33727,'Jambon sec des Pyrénées',3350033186439,'100 g',0,'Monoprix gourmet,Monoprix','','http://fr.openfoodfacts.org/images/products/335/003/318/6439/front.3.400.jpg',27),(33746,'Pois chiches du Lauragais',3353661111187,'500 grammes',0,'Arterris','','http://fr.openfoodfacts.org/images/products/335/366/111/1187/front.3.400.jpg',8),(33750,'Abricots moelleux',3361291955026,'250 g',0,'Pruni','','http://fr.openfoodfacts.org/images/products/336/129/195/5026/front.7.400.jpg',7),(33822,'Pois chiches',3380390204408,'500 g',0,'Primeal','','',8),(33823,'Pois chiches',3380390224408,'500 g',0,'Priméal','','http://fr.openfoodfacts.org/images/products/338/039/022/4408/front.4.400.jpg',8),(33917,'Pois chiches Bio',3421557108365,'500 g',0,'Corab,Grillon d\'or,biocoop','','http://fr.openfoodfacts.org/images/products/342/155/710/8365/front.4.400.jpg',8),(33926,'Beurre tourage 84%',3428200307090,'2 kg',0,'Président Professionnel','','',24),(33948,'Terrine de Canard aux deux olives',3432770032597,'',0,'Duché de la Loue','','http://fr.openfoodfacts.org/images/products/343/277/003/2597/front.4.400.jpg',3),(34078,'Blé à Poêler Persillade',3487400000958,'250 g',0,'Ebly','','http://fr.openfoodfacts.org/images/products/348/740/000/0958/front.8.400.jpg',16),(34079,'Tendre Blé ',3487400011367,'1 kg',0,'Ebly','','http://fr.openfoodfacts.org/images/products/348/740/001/1367/front.9.400.jpg',16),(34176,'Bananes',3523680236738,'6',0,'Sans marque,Lion d\'Or','','http://fr.openfoodfacts.org/images/products/352/368/023/6738/front.4.400.jpg',5),(34229,'Pois chiches',3560070273546,'265 g',0,'Carrefour','','http://fr.openfoodfacts.org/images/products/356/007/027/3546/front.27.400.jpg',8),(34233,'Spaghetti',3560070328888,'1 kg',0,'Carrefour,Groupe Carrefour','','http://fr.openfoodfacts.org/images/products/356/007/032/8888/front.12.400.jpg',16),(34234,'Pasta Coquillettes ',3560070328918,'1 kg',0,'Carrefour,CMI (Carrefour Marchandises Internationales),Groupe Carrefour','','http://fr.openfoodfacts.org/images/products/356/007/032/8918/front.21.400.jpg',16),(34283,'Pasta Penne Rigate (9 min Al dente)',3560070555390,'500 g',0,'Carrefour','','http://fr.openfoodfacts.org/images/products/356/007/055/5390/front.5.400.jpg',16),(34296,'Tartelette au citron de Sicile sur pâte croustillante',3560070607198,'160 g (2 x 80 g)',0,'Carrefour Sélection,CMI (Carrefour Marchandises Internationales),Groupe Carrefour','','http://fr.openfoodfacts.org/images/products/356/007/060/7198/front.24.400.jpg',35),(34313,'Cordon bleu de volaille',3560070731077,'2 * 500 g',0,'Carrefour Discount','','',3),(34378,'Tartelette à la framboise',3560071008109,'160 g',0,'Carrefour','','',35),(34433,'12 croissants',3564700345511,'480 g',0,'Épi d\'Or,Marque Repère','','http://fr.openfoodfacts.org/images/products/356/470/034/5511/front.3.400.jpg',36),(34464,'Torsades Nature, Tomate et Epinards',3564700471609,'500 g',0,'Turini,Marque Repère','','',16),(34573,'Abricots moelleux Bio Marque Repère',3564707098908,'250 g',0,'Marque Repère,BIO village','','http://fr.openfoodfacts.org/images/products/356/470/709/8908/front.5.400.jpg',7),(34619,'Abricots moelleux',3595120005310,'250 g',0,'Maison Roucadil,Bio source','','http://fr.openfoodfacts.org/images/products/359/512/000/5310/front.3.400.jpg',7),(34624,'Cordons bleus dinde',3596690310088,'400 g (4 * 100 g)',0,'Père Dodu','','http://fr.openfoodfacts.org/images/products/359/669/031/0088/front.3.400.jpg',3),(34716,'tartelette abricot sans gluten',3596710389858,'165 g',0,'Auchan','','http://fr.openfoodfacts.org/images/products/359/671/038/9858/front.3.400.jpg',35),(34720,'Lasagnes ',3596710396689,'500 g',0,'Auchan','','',16),(34732,'Saucisson sec pur porc',3596710407095,'200 g',0,'Pouce,Auchan','','http://fr.openfoodfacts.org/images/products/359/671/040/7095/front.4.400.jpg',1),(34754,'Velouté légumes verts et pointe de crème fraîche',3599740009567,'900 g',0,'Findus','','http://fr.openfoodfacts.org/images/products/359/974/000/9567/front.4.400.jpg',18),(34769,'Andros Soupe de fraises',3608580003199,'500g',0,'Andros','','http://fr.openfoodfacts.org/images/products/360/858/000/3199/front.10.400.jpg',18),(34785,'Préparation pour sandwich Thon germon, poivrons, maïs, haricots rouges',3660088132191,'115 g',0,'Conserverie La belle-iloise','','',28),(34832,'Abricots moelleux',3660992000777,'500 g',0,'bien vu','','http://fr.openfoodfacts.org/images/products/366/099/200/0777/front.17.400.jpg',7),(34861,'Taboulé',3700009217863,'',0,'','','',28),(34862,'Taboulé à la menthe',3700009240786,'200 g',0,'Mix\'Buffet','','http://fr.openfoodfacts.org/images/products/370/000/924/0786/front.5.400.jpg',28),(34868,'Taboulé aux légumes frais',3700036900202,'200 g',0,'Naturalia','','http://fr.openfoodfacts.org/images/products/370/003/690/0202/front.3.400.jpg',28),(34875,'Cordon bleu de dinde Halal cuit',3700141401021,'1 kg',0,'El Saada','','http://fr.openfoodfacts.org/images/products/370/014/140/1021/front.4.400.jpg',3),(34879,'Pois chiches',3700225117084,'500 g',0,'Grain de Vitalité','','',8),(34967,'Baguette prélevain',3760044430702,'220 g',0,'Max Poilâne','','http://fr.openfoodfacts.org/images/products/376/004/443/0702/front.5.400.jpg',34),(34974,'Madeleinettes nature',3760050920471,'200 g',0,'la Biscuiterie Antillaise','','http://fr.openfoodfacts.org/images/products/376/005/092/0471/front.9.400.jpg',22),(34977,'Pois chiches à la marocaine',3760052231698,'380 g',0,'Le bonheur est dans le pot','','http://fr.openfoodfacts.org/images/products/376/005/223/1698/front.5.400.jpg',8),(34997,'Bonbons cravatte',3760076520020,'240 g',0,'Confiserie Hoarau','','http://fr.openfoodfacts.org/images/products/376/007/652/0020/front.4.400.jpg',20),(35037,'Madeleinettes',3760105568634,'400 g',0,'Pati d\'Or','','http://fr.openfoodfacts.org/images/products/376/010/556/8634/front.5.400.jpg',22),(35071,'Abricots Moelleux Bio Fructivia - Sachet 200g',3760159372539,'200 g',0,'FRUCTIVIA','','',7),(35078,'baguette 10 céréales',3760178370028,'1',0,'Super U','','http://fr.openfoodfacts.org/images/products/376/017/837/0028/front.9.400.jpg',34),(35120,'Le Gros Sec',3760238430730,'120 g',0,'Arabi','','',1),(35176,'Haribo Goldbären',4001686301326,'300 g',0,'Haribo','','http://fr.openfoodfacts.org/images/products/400/168/630/1326/front.7.400.jpg',20),(35177,'Haribo Goldbären',4001686301555,'100 g',0,'Haribo','','http://fr.openfoodfacts.org/images/products/400/168/630/1555/front.3.400.jpg',20),(35178,'Gevulde Bramen',4001686375495,'450 g',0,'Haribo','','http://fr.openfoodfacts.org/images/products/400/168/637/5495/front.5.400.jpg',20),(35179,'Haribo Saft Goldbären',4001686386613,'175 g',0,'Haribo','','http://fr.openfoodfacts.org/images/products/400/168/638/6613/front.3.400.jpg',20),(35180,'Haribo Saft-Goldbären',4001686386941,'',0,'Haribo','','',20),(35181,'Phantasia',4001686390542,'1000 g',0,'Haribo','','',20),(35182,'Phantasia',4001686390870,'360 g',0,'Haribo','','http://fr.openfoodfacts.org/images/products/400/168/639/0870/front.3.400.jpg',20),(35213,'Chips de pommes',4008258410011,'60 g ',0,'Seeberger','','http://fr.openfoodfacts.org/images/products/400/825/841/0011/front.3.400.jpg',14),(35219,'Cornichons spécial sandwich aigres-doux',4012200401019,'330 g - 185 g égoutté',0,'Kühne','','http://fr.openfoodfacts.org/images/products/401/220/040/1019/front.10.400.jpg',28),(35230,'Asia Krupuk',4031446820453,'100 g',0,'XOX,XOX Snack','','',14),(35238,'Mon Dîner Bonne Nuit Soupe Légumes verts Petites pâtes',4062300185746,'2 * 250 ml (500 ml)',0,'HiPP,HiPP biologique','','http://fr.openfoodfacts.org/images/products/406/230/018/5746/front.8.400.jpg',18),(35239,'Soupe 6 légumes Semoule',4062300185777,'2 * 250 ml',0,'HiPP,HiPP Biologique','','http://fr.openfoodfacts.org/images/products/406/230/018/5777/front.6.400.jpg',18),(35245,'Kinder-Hörnchen',4101540709289,'48 g',0,'KuchenMeister','','',36),(35246,'4 Kinder-Hörnchen',4101540710377,'192 g',0,'KuchenMeister','','',36),(35257,'Cassonade',4182277870008,'1kg',0,'Saint louis','','http://fr.openfoodfacts.org/images/products/418/227/787/0008/front.7.400.jpg',23),(35258,'BiFi Cigare Bierworst',4251097400136,'30 g',0,'BiFi','','',1),(35261,'Pizzaschmelz',4260296930023,'500 g.',0,'Wilmersburger','','http://fr.openfoodfacts.org/images/products/426/029/693/0023/front.3.400.jpg',10),(35271,'Bierschinken',4335896157832,'200g',0,'K Classic','','http://fr.openfoodfacts.org/images/products/433/589/615/7832/front.3.400.jpg',27),(35429,'Jack Daniel\'s n°7',5099873108017,'70cl',0,'Jack Daniel\'s','','',32),(35430,'Single barrel select',5099873206478,'70cl',0,'Jack Daniel\'s','','',32),(35431,'Jack Daniel\'s Tennessee Whiskey',5099873268667,'70cl',0,'Jack Daniel\'s','','',32),(35435,'Doub!le x 4',5201360523726,'240g',0,'7 Days','','',36),(35473,'Saucisson sec',5400247009470,'200 g',0,'Winny','','http://fr.openfoodfacts.org/images/products/540/024/700/9470/front.4.400.jpg',1),(35483,'Taboulé oriental',5400247032058,'500 g',0,'Winny','','http://fr.openfoodfacts.org/images/products/540/024/703/2058/front.3.400.jpg',28),(35486,'Madeleines coquilles aux oeufs frais',5400247033536,'500 g',0,'Winny','','http://fr.openfoodfacts.org/images/products/540/024/703/3536/front.6.400.jpg',22),(35492,'Pizzaiolo Mozzarella',5400317200356,'2 kg',0,'Kaasbrik','','',10),(35496,'Baguette wit-blanche',5400766081209,'',0,'Carrefour,Croustifrance','','http://fr.openfoodfacts.org/images/products/540/076/608/1209/front.10.400.jpg',34),(35512,'Pringles Original',5410076462223,'190g',0,'Pringles','','http://fr.openfoodfacts.org/images/products/541/007/646/2223/front.15.400.jpg',14),(35563,'Cassonade ',5410256704006,'1 kg',0,'Tienen-tirlemont','','http://fr.openfoodfacts.org/images/products/541/025/670/4006/front.3.400.jpg',23),(35564,'Cassonade de candi brune',5410301001104,'1 kg',0,'Candico','','http://fr.openfoodfacts.org/images/products/541/030/100/1104/front.5.400.jpg',23),(35565,'Vodka Smirnoff',5410316083607,'70 cl',0,'Smirnoff','','http://fr.openfoodfacts.org/images/products/541/031/608/3607/front.5.400.jpg',32),(35571,'Superieur Nature (family pack)',5410573033018,'340 g',0,'Herta','','http://fr.openfoodfacts.org/images/products/541/057/303/3018/front.7.400.jpg',27),(35606,'Jambon de dinde',5411431167142,'160 g',0,'Volibon','','http://fr.openfoodfacts.org/images/products/541/143/116/7142/front.5.400.jpg',27),(35632,'Lentil Chips Original',5411788047050,'90 g',0,'Lima','','http://fr.openfoodfacts.org/images/products/541/178/804/7050/front.5.400.jpg',14),(35651,'Baguette au pavot',5413476928511,'',0,'','','http://fr.openfoodfacts.org/images/products/541/347/692/8511/front.3.400.jpg',34),(35663,'DeliSoup',5414972109503,'1 L',0,'Campbells','','http://fr.openfoodfacts.org/images/products/541/497/210/9503/front.4.400.jpg',18),(35721,'Mikkeller Grassroots Wheat is the new hops',5704255102988,'33 cl',0,'Mikkeller','','http://fr.openfoodfacts.org/images/products/570/425/510/2988/front.7.400.jpg',31),(35726,'Bison Grass Vodka',5900343003674,'500 ml',0,'Zubrowka','','http://fr.openfoodfacts.org/images/products/590/034/300/3674/front.4.400.jpg',32),(35728,'Tyskie Grand Prix',5901359000237,'500 ml',0,'Tyskie','','http://fr.openfoodfacts.org/images/products/590/135/900/0237/front.5.400.jpg',31),(35729,'Prenium vodka 100% pure grain',5902738884530,'70 cl',0,'Sobieski','','http://fr.openfoodfacts.org/images/products/590/273/888/4530/front.8.400.jpg',32),(35735,'Madeleines Longues Nature',6118540405750,'220g',0,'St Michel','','',22),(35746,'Bière',6901035601030,'330 ml',0,'Tsingtao','','http://fr.openfoodfacts.org/images/products/690/103/560/1030/front.13.400.jpg',31),(35753,'München Hell',7072240001171,'50 cl',0,'Spaten','','http://fr.openfoodfacts.org/images/products/707/224/000/1171/front.12.400.jpg',31),(35761,'Absolut vodka',7312040017010,'750ml',0,'Absolut Vodka','','',32),(35762,'Absolut Vodka',7312040017355,'350 ml',0,'Absolut','','http://fr.openfoodfacts.org/images/products/731/204/001/7355/front.5.400.jpg',32),(35766,'Extra',7501064191466,'6x 355ml',0,'Corona','','http://fr.openfoodfacts.org/images/products/750/106/419/1466/front.9.400.jpg',31),(35785,'Cordon bleu',7610745622240,'260 g',0,'Cornatur,Migros','','http://fr.openfoodfacts.org/images/products/761/074/562/2240/front.5.400.jpg',3),(35791,'Soyog baies des bois',7610900193578,'150 g',0,'Migros,Soja Line','','http://fr.openfoodfacts.org/images/products/761/090/019/3578/front.5.400.jpg',26),(35802,'clinutren',7613033110894,'820 g',0,'nestléhealthscience','','',26),(35811,'P\'tit Souper Crème de Légumes et Tendre Blé',7613033636356,'2 * 200 g (400 g)',0,'Nestlé','','http://fr.openfoodfacts.org/images/products/761/303/363/6356/front.6.400.jpg',18),(35834,'Taboulé oriental avec légumes',7613269287506,'250 g',0,'Anna\'s Best,Migros','','',28),(35836,'Soupe de tomates au mascarpone',7613269374503,'300 ml',0,'Anna\'s Best,Migros','','http://fr.openfoodfacts.org/images/products/761/326/937/4503/front.4.400.jpg',18),(35837,'Taboulé avec mangue',7613269429173,'300 g',0,'Anna\'s Best,Migros','','',28),(35839,'Croissant',7613269584568,'210 g',0,'M-Budget,Migros','','http://fr.openfoodfacts.org/images/products/761/326/958/4568/front.4.400.jpg',36),(35840,'Ravioli di spinaci e mandorle',7613269677307,'250 g',0,'Anna\'s Best,Migros','','',15),(35848,'Crème avec chocolat en poudre M-Classic',7616600708616,'500 gr',0,'Migros,M-Classic,Elsa','','http://fr.openfoodfacts.org/images/products/761/660/070/8616/front.4.400.jpg',26),(35849,'Le Yaourt Dessert au Chocolat Suisse sur Lit de Banane',7616600712675,'120 g',0,'Swiss Delice','','http://fr.openfoodfacts.org/images/products/761/660/071/2675/front.6.400.jpg',26),(35850,'Tartelette de Linz',7616700004151,'75 g',0,'Migros','','http://fr.openfoodfacts.org/images/products/761/670/000/4151/front.3.400.jpg',35),(35851,'Tartelette aux noix',7616700004212,'80 g',0,'Migros','','',35),(35852,'Tartelette à l\'abricot',7616700007732,'75 g',0,'Jowa,Migros','','http://fr.openfoodfacts.org/images/products/761/670/000/7732/front.5.400.jpg',35),(35853,'Croissants précuits au beurre',7616700114553,'200 g',0,'Léger,Migros','','http://fr.openfoodfacts.org/images/products/761/670/011/4553/front.4.400.jpg',36),(35854,'Tartelette au chocolat',7616700126723,'75 g',0,'Migros','','',35),(35855,'Tartelette vermicelle',7616700175233,'120 g',0,'Migros','','',35),(35856,'Croissants Party',7616700184914,'840 g',0,'M-Budget,Migros','','',36),(35859,'Ravioli alla napoletana',7616800705156,'1,2 kg',0,'M Classic','','http://fr.openfoodfacts.org/images/products/761/680/070/5156/front.9.400.jpg',15),(35860,'Raviolis aux œufs farcis à la viande de porc ',7616800811291,'1200 g',0,'M-Budget,Migros','','http://fr.openfoodfacts.org/images/products/761/680/081/1291/front.4.400.jpg',15),(35861,'Ravioli Napoli ricotta et épinards',7616800835853,'350 g',0,'Subito,Migros','','http://fr.openfoodfacts.org/images/products/761/680/083/5853/front.4.400.jpg',15),(35863,'Tartelette au champignons',7617015027590,'280 g',0,'M-Classic,Migros','','http://fr.openfoodfacts.org/images/products/761/701/502/7590/front.4.400.jpg',35),(35866,'Soyog Classic',7617027620857,'150 g',0,'Migros,Soja Line','','http://fr.openfoodfacts.org/images/products/761/702/762/0857/front.5.400.jpg',26),(35871,'Jambon de derrière ',7617027944526,'200 g',0,'M-Budget,Migros','','http://fr.openfoodfacts.org/images/products/761/702/794/4526/front.8.400.jpg',27),(35872,'Cotto',7617027948494,'',0,'M-Budget,Migros','','http://fr.openfoodfacts.org/images/products/761/702/794/8494/front.4.400.jpg',27),(35873,'Oeufs durs importés',7617027960304,'',0,'M-Budget','','',24),(35883,'Natillas oreo',7622210009333,'75g',0,'royal oreo','','',26),(35894,'Tuc - Cheese (goût fromage)',7622300571351,'100g',0,'Lu,Mondelez international','','http://fr.openfoodfacts.org/images/products/762/230/057/1351/front.3.400.jpg',22),(35896,'TUC Crispy',7622300818821,'100 g',0,'LU,Mondelez','','http://fr.openfoodfacts.org/images/products/762/230/081/8821/front.3.400.jpg',22),(35900,'Angry Birds Potato Chips',7640110242001,'160 g',0,'Angry Birds,Rovio','','http://fr.openfoodfacts.org/images/products/764/011/024/2001/front.7.400.jpg',14),(35949,'Penne lisce nº 40 (Al dente 9 min)',8001250120403,'500 g',0,'De Cecco','','http://fr.openfoodfacts.org/images/products/800/125/012/0403/front.6.400.jpg',16),(35962,'ravioli parmesan et ricotta',8001665700696,'250 g',0,'Giovanni Rana','','',15),(35963,'ravioli thon et tomate',8001665703017,'250g',0,'Giovanni Rana','','',15),(35971,'San Carlo Piu\' rustica',8003130141201,'70 g',0,'san carlo,San Carlo Gruppo Alimentare SpA Via Filippo Turati 29 20121 Milano MI Italy','','http://fr.openfoodfacts.org/images/products/800/313/014/1201/front.7.400.jpg',14),(35977,'Hot Dog',8004248002200,'1 kg',0,'Pavo','','http://fr.openfoodfacts.org/images/products/800/424/800/2200/front.6.400.jpg',2),(36016,'Ravioli ai funghi porcini',8021733250892,'250 g',0,'Pasta Julia','','http://fr.openfoodfacts.org/images/products/802/173/325/0892/front.5.400.jpg',15),(36025,'Saucisson de Parme',8032484861992,'110 g',0,'Corte del Gusto','','http://fr.openfoodfacts.org/images/products/803/248/486/1992/front.6.400.jpg',1),(36038,'Maccheroni n. 44',8076808050440,'500 g',0,'Barilla','','http://fr.openfoodfacts.org/images/products/807/680/805/0440/front.11.400.jpg',16),(36054,'bière',8108561859401,'0.33 l',0,'','','',31),(36056,'10 Oeufs Bio Fermiers',8175720021030,'10 oeufs',0,'Loué','','http://fr.openfoodfacts.org/images/products/817/572/002/1030/front.4.400.jpg',24),(36057,'Assaisonnement pour soupe au poulet',8250643056878,'227 g',0,'Lee Brand','','http://fr.openfoodfacts.org/images/products/825/064/305/6878/front.7.400.jpg',2),(36058,'Choco Flakes de Cuétara',8410014396556,'550 g',0,'Cuétara,Nutrexpa','','http://fr.openfoodfacts.org/images/products/841/001/439/6556/front.6.400.jpg',14),(36074,'Kit pour Poulet Tikka Masala',8410076473011,'420 g',0,'Parampara','','http://fr.openfoodfacts.org/images/products/841/007/647/3011/front.9.400.jpg',2),(36076,'Concentré de saveurs aux épices pour Poulet Tikka Masala',8410076492128,'80g',0,'Parampra','','',2),(36078,'Fraise',8410391000893,'336 g (8 x 42 g)',0,'Heras Bareche,El Quiteriano S.A.','','http://fr.openfoodfacts.org/images/products/841/039/100/0893/front.5.400.jpg',22),(36079,'Choc-Chips',8410391516189,'256 g (8 x 32 g)',0,'Heras Bareche,El Quiteriano S.A.','','http://fr.openfoodfacts.org/images/products/841/039/151/6189/front.5.400.jpg',22),(36080,'Dúo',8410391713021,'300 g (10 x 30 g)',0,'Heras Bareche,El Quiteriano S.A.','','http://fr.openfoodfacts.org/images/products/841/039/171/3021/front.5.400.jpg',22),(36081,'Vodka 70 cl Eristoff',8410414000466,'70 cl',0,'Eristoff','','http://fr.openfoodfacts.org/images/products/841/041/400/0466/front.5.400.jpg',32),(36082,'Vodka 100 cl Eristoff',8410414000909,'100 cl',0,'Eristoff','','http://fr.openfoodfacts.org/images/products/841/041/400/0909/front.6.400.jpg',32),(36083,'Pocket fruits Banane',8410442523135,'18 g',0,'Gerio','','http://fr.openfoodfacts.org/images/products/841/044/252/3135/front.3.400.jpg',5),(36084,'Bière blonde',8410655000416,'3 cl',0,'San Miguel','','http://fr.openfoodfacts.org/images/products/841/065/500/0416/front.9.400.jpg',31),(36085,'Salsichon campesimo',8410843465638,'250g',0,'Elpozo','','http://fr.openfoodfacts.org/images/products/841/084/346/5638/front.6.400.jpg',1),(36086,'Madeleines saveur fraise',8412166100753,'500 g',0,'Sans marque','','http://fr.openfoodfacts.org/images/products/841/216/610/0753/front.4.400.jpg',22),(36101,'Saucissons Secs',8423348402336,'70 g',0,'Casa Ramon','','',1),(36103,'Almond',8428532230023,'200ml',0,'EcoMil','','http://fr.openfoodfacts.org/images/products/842/853/223/0023/front.4.400.jpg',29),(36107,'10 oeufs bio fermiers',8434782687777,'10',0,'LOUE','','http://fr.openfoodfacts.org/images/products/843/478/268/7777/front.3.400.jpg',24),(36108,'Yaourt de brebis Bio ',8437000140481,'420 Gr',0,'Cantero de Letur','','',26),(36110,'Coeur de romaine',8437005739024,'2 pièces - cat 1',0,'agricola el nino del campo','','http://fr.openfoodfacts.org/images/products/843/700/573/9024/front.3.400.jpg',29),(36111,'miel de romarin',8437007561210,'500 g',0,'solyflor','','http://fr.openfoodfacts.org/images/products/843/700/756/1210/front.3.400.jpg',21),(36112,'Véritable Espetec Catalan',8437010376061,'160 g',0,'','','http://fr.openfoodfacts.org/images/products/843/701/037/6061/front.5.400.jpg',1),(36115,'Miel biologique',8437014473070,'450gr',0,'bona mel','','',21),(36117,'Pizza pepperoni',8480000635563,'470g',0,'Hacendado','','http://fr.openfoodfacts.org/images/products/848/000/063/5563/front.4.400.jpg',10),(36120,'8 tartelettes fraise',8480017006790,'150 (8 tartelettes de 18.75 g)',0,'Dia','','http://fr.openfoodfacts.org/images/products/848/001/700/6790/front.6.400.jpg',35),(36121,'Cassonade',8480017012067,'1kg',0,'Dia','','http://fr.openfoodfacts.org/images/products/848/001/701/2067/front.3.400.jpg',23),(36128,'Cidre Brut Pop d\'Adam',8480017028655,'75 cL',0,'Dia','','http://fr.openfoodfacts.org/images/products/848/001/702/8655/front.7.400.jpg',31),(36129,'Baguette précuite',8480017036872,'250 g',0,'Dia','','http://fr.openfoodfacts.org/images/products/848/001/703/6872/front.8.400.jpg',34),(36130,'Pocket Sticks Nature',8480017037855,'100 g',0,'Dia','','http://fr.openfoodfacts.org/images/products/848/001/703/7855/front.3.400.jpg',1),(36131,'Croissants pur beurre surgelés',8480017039170,'360 g',0,'Dia','','http://fr.openfoodfacts.org/images/products/848/001/703/9170/front.10.400.jpg',36),(36138,'Croissants (x 10) 400 g - Dia',8480017081902,'400 g (10 croissants de 40 g)',0,'Dia','','http://fr.openfoodfacts.org/images/products/848/001/708/1902/front.10.400.jpg',36),(36139,'Miel de fleurs crémeux',8480017081971,'500 g',0,'Dia','','http://fr.openfoodfacts.org/images/products/848/001/708/1971/front.3.400.jpg',21),(36141,'Miel bio',8480017088925,'500 g',0,'Dia','','http://fr.openfoodfacts.org/images/products/848/001/708/8925/front.6.400.jpg',21),(36143,'Miel de montagne',8480017099075,'500 g',0,'Dia','','http://fr.openfoodfacts.org/images/products/848/001/709/9075/front.6.400.jpg',21),(36147,'Taboulé oriental aux raisins',8480017120496,'500 g',0,'Dia','','http://fr.openfoodfacts.org/images/products/848/001/712/0496/front.7.400.jpg',28),(36148,'Baguette rustique',8480017123695,'200 g',0,'Dia','','http://fr.openfoodfacts.org/images/products/848/001/712/3695/front.5.400.jpg',34),(36149,'Taboulé feuille de menthe huile olive',8480017184344,'730 g',0,'Dia','','http://fr.openfoodfacts.org/images/products/848/001/718/4344/front.3.400.jpg',28),(36155,'Mini saucisson sec ',8480017541857,'100 g ',0,'Dia','','http://fr.openfoodfacts.org/images/products/848/001/754/1857/front.3.400.jpg',1),(36158,'Lait chocolaté',8480017625526,'200 ml',0,'Dia','','http://fr.openfoodfacts.org/images/products/848/001/762/5526/front.7.400.jpg',29),(36159,'Pain de mie 7 céréales spécial sandwich',8480017666833,'550 g 14 tranches',0,'Dia','','http://fr.openfoodfacts.org/images/products/848/001/766/6833/front.7.400.jpg',21),(36163,'Lait chocolaté',8480017821409,'1 litre',0,'Dia','','http://fr.openfoodfacts.org/images/products/848/001/782/1409/front.5.400.jpg',29),(36166,'miel de fleurs',8560480005015,'500 g',0,'baramel','','http://fr.openfoodfacts.org/images/products/856/048/000/5015/front.3.400.jpg',21),(36167,'Papillotes spécial poêle-poulet aux herbes de provence',8585002417961,'23.4g',0,'Maggi,Papillotes,Nestlé','','http://fr.openfoodfacts.org/images/products/858/500/241/7961/front.3.400.jpg',2),(36168,'Papillotes &quot;Spécial Poêle&quot; poulet au paprika',8585002431172,'23.2g ( 4 feuilles ) ',0,'Maggi,Nestlé,Papillotes','','http://fr.openfoodfacts.org/images/products/858/500/243/1172/front.3.400.jpg',2),(36170,'Kozzel',8594404005782,'500 ml',0,'','','',31),(36172,'Dauphine',8710438051285,'700 g',0,'McCain','','http://fr.openfoodfacts.org/images/products/871/043/805/1285/front.8.400.jpg',11),(36173,'Duchesse',8710438053395,'1,1 kg',0,'McCain','','http://fr.openfoodfacts.org/images/products/871/043/805/3395/front.9.400.jpg',11),(36174,'Country Potatoes aux herbes',8710438059281,'700gr',0,'McCain','','http://fr.openfoodfacts.org/images/products/871/043/805/9281/front.14.400.jpg',11),(36175,'La Dauphine',8710438075144,'800 g',0,'McCain','','http://fr.openfoodfacts.org/images/products/871/043/807/5144/front.7.400.jpg',11),(36176,'La Rissolée ',8710438086591,'700 g',0,'McCain','','http://fr.openfoodfacts.org/images/products/871/043/808/6591/front.7.400.jpg',11),(36177,'Potatoes à Rôtir - Ail et persil',8710438097979,'700 g',0,'McCain','','',11),(36186,'Gouda',8710912600121,'150 g',0,'Migros','','http://fr.openfoodfacts.org/images/products/871/091/260/0121/front.4.400.jpg',25),(36194,'Trappist',8711406995631,'33 cl',0,'La Trappe','','http://fr.openfoodfacts.org/images/products/871/140/699/5631/front.8.400.jpg',31),(36198,'Cornetto - Chocolatissimo (Chocolat Intense)',8712100335426,'300 g (5 unités), 450 mL',0,'Miko','','http://fr.openfoodfacts.org/images/products/871/210/033/5426/front.9.400.jpg',12),(36201,'Miel et une nuit ',8712100411441,'43,75 g',0,'Elephant','','http://fr.openfoodfacts.org/images/products/871/210/041/1441/front.7.400.jpg',21),(36206,'Choc\'N\'Ball',8712100486517,'99 g (160 ml)',0,'Cornetto,Miko','','http://fr.openfoodfacts.org/images/products/871/210/048/6517/front.14.400.jpg',12),(36208,'Magnum pistache',8712100521317,'440 ml',0,'Magnum','','http://fr.openfoodfacts.org/images/products/871/210/052/1317/front.6.400.jpg',12),(36212,'Black Espresso ',8712100685453,'',0,'Magnum,Miko','','http://fr.openfoodfacts.org/images/products/871/210/068/5453/front.8.400.jpg',12),(36232,'Demae Ramen',8712429350407,'100 g',0,'Nissin','','http://fr.openfoodfacts.org/images/products/871/242/935/0407/front.7.400.jpg',18),(36233,'Demae Ramen soupe de nouilles japonaises',8712429360604,'100gr',0,'Nissin','','http://fr.openfoodfacts.org/images/products/871/242/936/0604/front.7.400.jpg',18),(36236,'Cornetto Enigma - Chocolat & Coeur au caramel',8712566099559,'220 g, 360 mL (4 unités)',0,'Miko,Cornetto','','http://fr.openfoodfacts.org/images/products/871/256/609/9559/front.14.400.jpg',12),(36244,'Thé vert earl grey',8712566212019,'25 sachets poids net 32,5g',0,'Lipton,Unilever','','http://fr.openfoodfacts.org/images/products/871/256/621/2019/front.20.400.jpg',19),(36247,'Coffret d\'infusions parfumées',8712566275083,'5x10 sachets pyramide - 102g',0,'Lipton,Unilever','','http://fr.openfoodfacts.org/images/products/871/256/627/5083/front.8.400.jpg',19),(36248,'Coffret de Thés parfumés',8712566316717,'100 g',0,'Lipton','','http://fr.openfoodfacts.org/images/products/871/256/631/6717/front.4.400.jpg',19),(36249,'Magnum Infinity Chocolate',8712566320738,'320 g',0,'Miko','','http://fr.openfoodfacts.org/images/products/871/256/632/0738/front.16.400.jpg',12),(36250,'Magnum Amandes x8',8712566328239,'880 ml',0,'Magnum,Miko','','http://fr.openfoodfacts.org/images/products/871/256/632/8239/front.13.400.jpg',12),(36251,'Cornetto Cookie',8712566340712,'220 g (360 ml)',0,'Miko,Cornetto','','http://fr.openfoodfacts.org/images/products/871/256/634/0712/front.7.400.jpg',12),(36257,'Magnum - Miel Nougat',8712566382279,'632 g, 880 mL, 8 unités',0,'Miko,Magnum','','http://fr.openfoodfacts.org/images/products/871/256/638/2279/front.13.400.jpg',12),(36258,'Infusion séduction cranberry ',8712566414772,'40 g',0,'Lipton','','http://fr.openfoodfacts.org/images/products/871/256/641/4772/front.9.400.jpg',19),(36261,'Kokosnuss milch ',8713576114102,'400ml',0,'Terrasano','','http://fr.openfoodfacts.org/images/products/871/357/611/4102/front.6.400.jpg',29),(36263,'Peppermints biologisch',8713726900487,'75 g',0,'ECO Sweets','','',20),(36286,'Purisima',8716200334808,'160 ml',0,'Frieslandfoods,Purisima','','http://fr.openfoodfacts.org/images/products/871/620/033/4808/front.5.400.jpg',29),(36289,'Weichkäse in salzlake',8717568710372,'1500 g',0,'Destan','','http://fr.openfoodfacts.org/images/products/871/756/871/0372/front.8.400.jpg',25),(36292,'Mon Yaourt Maison Ferments lactiques spécial yaourtière',8718114773155,'8 g',0,'Alsa','','http://fr.openfoodfacts.org/images/products/871/811/477/3155/front.5.400.jpg',26),(36293,'Vegetable Chips Sweet Potatoe, tomato & rosemary',8718781200695,'80 g',0,'Go Pure','','',14),(36294,'Leerdammer léger',8721800021805,'250g',0,'Leerdammer,Bel','','http://fr.openfoodfacts.org/images/products/872/180/002/1805/front.9.400.jpg',25),(36295,'Original',8721800081151,'22 g',0,'Leerdammer','','http://fr.openfoodfacts.org/images/products/872/180/008/1151/front.8.400.jpg',25),(36296,'Fromage',8721800082110,'',0,'Leerdammer,Bel','','http://fr.openfoodfacts.org/images/products/872/180/008/2110/front.5.400.jpg',25),(36297,'Leerdammer Original',8721800082318,'500g',0,'Leerdammer','','',25),(36298,'Infusion Maroc',8722700004219,'40 g (20 sachets)',0,'Lipton,Unilever','','http://fr.openfoodfacts.org/images/products/872/270/000/4219/front.7.400.jpg',19),(36300,'Boursin salade & apéritif au chèvre et fines herbes',8722700058847,'120g',0,'Boursin,Bel','','http://fr.openfoodfacts.org/images/products/872/270/005/8847/front.7.400.jpg',25),(36301,'Infusion Alpes',8722700069041,'44 g',0,'Lipton','','http://fr.openfoodfacts.org/images/products/872/270/006/9041/front.7.400.jpg',19),(36310,'thé fruits des bois avec morceaux de fruits',8722700159476,'40g, 25 sachets',0,'lipton,unilever','','http://fr.openfoodfacts.org/images/products/872/270/015/9476/front.12.400.jpg',19),(36311,'Magnum Pistachio',8722700235811,'344 g',0,'Magnum','','http://fr.openfoodfacts.org/images/products/872/270/023/5811/front.6.400.jpg',12),(36313,'Infusion Tentation Fraise',8722700472322,'20 sachets',0,'Lipton','','http://fr.openfoodfacts.org/images/products/872/270/047/2322/front.7.400.jpg',19),(36320,'Coco Milk, 5 à 7% mg',8850344003371,'400 ml',0,'Suree','','http://fr.openfoodfacts.org/images/products/885/034/400/3371/front.6.400.jpg',29),(36321,'Coconut Milk',8850367990924,'400 ml',0,'Mae Ploy','','http://fr.openfoodfacts.org/images/products/885/036/799/0924/front.5.400.jpg',29),(36325,'Assaisonnement pour soupe de canard instantané',8850643002617,'225 g',0,'Por Kwan','','http://fr.openfoodfacts.org/images/products/885/064/300/2617/front.6.400.jpg',18),(36331,'jardin vert',8857122685095,'400ml',0,'jardin vert','','http://fr.openfoodfacts.org/images/products/885/712/268/5095/front.4.400.jpg',29),(36333,'Concentré de saveurs aux épices pour Poulet Shahi Korma',8902301820771,'55 g',0,'Parampara,General Mills','','',2),(36336,'Jus de mangue passion',9002515426222,'0,75 L',0,'pago','','http://fr.openfoodfacts.org/images/products/900/251/542/6222/front.3.400.jpg',30),(36337,'Pago goyave',9002515426420,'75 cl',0,'Pago','','http://fr.openfoodfacts.org/images/products/900/251/542/6420/front.13.400.jpg',30),(36338,'Pago Poire',9002515599698,'75 cl',0,'Pago','','',30),(36339,'Pago Ace Orange Carotte Citron',9002515600608,'0.75 l',0,'Pago','','http://fr.openfoodfacts.org/images/products/900/251/560/0608/front.3.400.jpg',30),(36341,'crème dessert',9019015000005,'125 g',0,'Paturage des Monts du Lyonnais','','http://fr.openfoodfacts.org/images/products/901/901/500/0005/front.5.400.jpg',26),(36342,'crème dessert café',9019022000005,'125 g',0,'Paturage des Monts du Lyonnais','','http://fr.openfoodfacts.org/images/products/901/902/200/0005/front.5.400.jpg',26),(36344,'Candy\'up',9156171744289,'6 x 20cl',0,'Candia','','http://fr.openfoodfacts.org/images/products/915/617/174/4289/front.3.400.jpg',29),(36345,'fromage blanc bio',9213220501849,'400 g',0,'Vrai La Laiterie familiale,Vrai','','',25),(36346,'Croissants',9274160695791,'400 g',0,'auchan','','',36),(36347,'Fromage de chèvre au lait pasteurisé',9274760321465,'180 g',0,'Auchan','','http://fr.openfoodfacts.org/images/products/927/476/032/1465/front.4.400.jpg',25),(36348,'Banana Choc Cones',9300601968183,'475ml',0,'Coles','','http://fr.openfoodfacts.org/images/products/930/060/196/8183/front.3.400.jpg',14),(36349,'Nescafe Classic',9300605093263,'170 g',0,'Nescafe','','http://fr.openfoodfacts.org/images/products/930/060/509/3263/front.7.400.jpg',19),(36350,'salt reduced Chicken stock ',9300644043632,'1l',0,'real stock','','http://fr.openfoodfacts.org/images/products/930/064/404/3632/front.3.400.jpg',2),(36352,'Coca Cola 600ml Bottle',9300675009829,'600ml',0,'Coca Cola','','http://fr.openfoodfacts.org/images/products/930/067/500/9829/front.8.400.jpg',30),(36353,'Coles Classic Roast Chicken Breast',9310645092256,'',0,'Coles','','http://fr.openfoodfacts.org/images/products/931/064/509/2256/front.3.400.jpg',2),(36354,'Natural Chip Company Sweet Chilli and Sour Cream Chips',9310988013857,'',0,'Natural Chip Company','','',14),(36356,'Latina Fresh Roast Chicken & Garlic Ravioli',9312353004590,'',0,'Latina Fresh','','',15),(36357,'Chunky chicken & mushroom pie',9315303008761,'220 g',0,'7-Eleven','','http://fr.openfoodfacts.org/images/products/931/530/300/8761/front.3.400.jpg',2),(36359,'Parmigiano Reggiano râpé',9370270797148,'70 g',0,'Monoprix','','',25),(36361,'HighMark Premium Golden Soy Sauce',9415317004138,'500 ml',0,'highmark','','http://fr.openfoodfacts.org/images/products/941/531/700/4138/front.6.400.jpg',17),(36362,'Café',9486134874877,'375g',0,'Senseo','','',19),(36363,'Présséa Nectar orange',9501100460073,'1L',0,'Présséa','','http://fr.openfoodfacts.org/images/products/950/110/046/0073/front.4.400.jpg',30),(36364,'DAFANI Cocktail Mangue Orange',9504000004057,'1L',0,'DAFANI','','http://fr.openfoodfacts.org/images/products/950/400/000/4057/front.8.400.jpg',30),(36365,'DAFANI Cocktail Mangue Ananas Fruit de la passion',9504000004064,'1L',0,'DAFANI','','http://fr.openfoodfacts.org/images/products/950/400/000/4064/front.5.400.jpg',30),(36366,'Sauce Marinade Indonésie',9556041608343,'260 g',0,'AYAM','','http://fr.openfoodfacts.org/images/products/955/604/160/8343/front.6.400.jpg',17),(36367,'Sauce d\'huître',9556041608411,'200 ml',0,'Ayam','','http://fr.openfoodfacts.org/images/products/955/604/160/8411/front.9.400.jpg',17),(36368,'Sauc Nuoc Mam',9556041608428,'200 ml',0,'Ayam','','http://fr.openfoodfacts.org/images/products/955/604/160/8428/front.10.400.jpg',17),(36369,'Sauce piment doux Thaï',9556041608770,'435 ml',0,'Ayam','','http://fr.openfoodfacts.org/images/products/955/604/160/8770/front.6.400.jpg',17),(36370,'Sauce Piment Sriracha',9556041609142,'435 ml',0,'Ayam','','http://fr.openfoodfacts.org/images/products/955/604/160/9142/front.7.400.jpg',17),(36371,'Sauce soja',9556041611138,'210 ml',0,'Ayam','','http://fr.openfoodfacts.org/images/products/955/604/161/1138/front.7.400.jpg',17),(36372,'Pad Thaï Sauce Wok',9556041611992,'250 g',0,'Ayam','','http://fr.openfoodfacts.org/images/products/955/604/161/1992/front.6.400.jpg',17),(36373,'Sauce Pour Nems',9556041612661,'200 ml',0,'Ayam','','http://fr.openfoodfacts.org/images/products/955/604/161/2661/front.5.400.jpg',17),(36374,'Sauce pimentée à l\'ail',9556156046726,'300 ml (330 g)',0,'Yeo\'s','','http://fr.openfoodfacts.org/images/products/955/615/604/6726/front.6.400.jpg',17),(36375,'Jus multifruits',9569185896477,'1 L',0,'Pressade','','',30),(36376,'Pur jus 4 agrumes ',9577283844672,'1 L',0,'Cora','','',30),(36377,'Tartines craquantes bio au sarrasin',9847548283004,'',0,'Le Pain des fleurs','','http://fr.openfoodfacts.org/images/products/984/754/828/3004/front.3.400.jpg',21),(36378,'Miel de Camargue',9900010011557,'250 g',0,'L. Boulaire','','http://fr.openfoodfacts.org/images/products/990/001/001/1557/front.5.400.jpg',21),(36379,'L\'escalope Cordon Bleu Dinde',3266980028428,'200 g (2 x 100 g)',0,'Le Gaulois','','https://static.openfoodfacts.org/images/products/326/698/002/8428/front_fr.20.400.jpg',3);
/*!40000 ALTER TABLE `product` ENABLE KEYS */;
UNLOCK TABLES;

--
-- Table structure for table `section`
--

DROP TABLE IF EXISTS `section`;
/*!40101 SET @saved_cs_client     = @@character_set_client */;
/*!40101 SET character_set_client = utf8 */;
CREATE TABLE `section` (
  `id` int(11) NOT NULL AUTO_INCREMENT,
  `name` varchar(45) NOT NULL,
  `description` varchar(45) NOT NULL,
  `url_image` varchar(150) DEFAULT NULL,
  PRIMARY KEY (`id`)
) ENGINE=InnoDB AUTO_INCREMENT=11 DEFAULT CHARSET=utf8;
/*!40101 SET character_set_client = @saved_cs_client */;

--
-- Dumping data for table `section`
--

LOCK TABLES `section` WRITE;
/*!40000 ALTER TABLE `section` DISABLE KEYS */;
INSERT INTO `section` VALUES (1,'viandes et poissons','pour les carnivores','img/section_img/viandes_poissons.svg'),(2,'fruits et legumes','pour les vegetariens','img/section_img/fruits_et_legumes.svg'),(3,'surgeles','pour les faineants','img/section_img/surgeles.svg'),(4,'epicerie salee','on prépare l apero','img/section_img/epicerie_salee.svg'),(5,'epicerie sucree','pour les depressifs','img/section_img/epicerie_sucree.svg'),(6,'produits frais','pour les esquimau','img/section_img/produits_frais.svg'),(7,'charcuterie traiteur','pour les bon vivants','img/section_img/charcuterie_traiteur.svg'),(8,'boissons et cave','pour sa soif','img/section_img/boissons.svg'),(9,'pains et patisserie','la france a un icroyable talent','img/section_img/pains_et_patisserie.svg'),(10,'divers','poubelle seb','img/section_img/bio_et_ecologie.svg');
/*!40000 ALTER TABLE `section` ENABLE KEYS */;
UNLOCK TABLES;

--
-- Table structure for table `settings`
--

DROP TABLE IF EXISTS `settings`;
/*!40101 SET @saved_cs_client     = @@character_set_client */;
/*!40101 SET character_set_client = utf8 */;
CREATE TABLE `settings` (
  `id` int(11) NOT NULL AUTO_INCREMENT,
  `name` varchar(45) DEFAULT NULL,
  `value` varchar(45) DEFAULT NULL,
  PRIMARY KEY (`id`)
) ENGINE=InnoDB DEFAULT CHARSET=utf8;
/*!40101 SET character_set_client = @saved_cs_client */;

--
-- Dumping data for table `settings`
--

LOCK TABLES `settings` WRITE;
/*!40000 ALTER TABLE `settings` DISABLE KEYS */;
/*!40000 ALTER TABLE `settings` ENABLE KEYS */;
UNLOCK TABLES;

--
-- Table structure for table `shop`
--

DROP TABLE IF EXISTS `shop`;
/*!40101 SET @saved_cs_client     = @@character_set_client */;
/*!40101 SET character_set_client = utf8 */;
CREATE TABLE `shop` (
  `id` int(11) NOT NULL AUTO_INCREMENT,
  `name` varchar(45) NOT NULL,
  `emblem` varchar(45) DEFAULT NULL,
  `created_date` datetime NOT NULL,
  `is_active` tinyint(1) NOT NULL DEFAULT '1',
  `address_id` int(11) NOT NULL,
  `idgoogle` varchar(45) NOT NULL,
  PRIMARY KEY (`id`),
  KEY `fk_magasin_ville1_idx` (`address_id`),
  CONSTRAINT `fk_magasin_ville1` FOREIGN KEY (`address_id`) REFERENCES `address` (`id`) ON DELETE NO ACTION ON UPDATE NO ACTION
) ENGINE=InnoDB AUTO_INCREMENT=210 DEFAULT CHARSET=utf8;
/*!40101 SET character_set_client = @saved_cs_client */;

--
-- Dumping data for table `shop`
--

LOCK TABLES `shop` WRITE;
/*!40000 ALTER TABLE `shop` DISABLE KEYS */;
INSERT INTO `shop` VALUES (83,'Auchan Béthune','Auchan','2017-01-03 11:30:00',1,104,'053315940ef1db6ec9967fb87e0b364f7de99f9a'),(84,'Auchan Douai','Auchan','2017-01-03 11:30:00',1,105,'94da8b1626028636112ca19f4971d0bae9418d8d'),(85,'Auchan Villeneuve d\'Ascq V2 Lille','Auchan','2017-01-03 11:30:00',1,106,'fa73692f491460ec312b577f5fb4942f95c3b1f3'),(86,'Centre commercial Auchan','Auchan','2017-01-03 11:30:00',1,107,'6fb2a44854cc14e3a389c0eb1175144ed906b778'),(87,'Auchan Arras','Auchan','2017-01-03 11:30:00',1,108,'9780b9feddec10587b1b4278849102b80d635323'),(88,'Traiteur Auchan Arras','Auchan','2017-01-03 11:30:00',1,109,'e5e1220714a46170726ae64513dc0de3f69059f3'),(89,'Traiteur Auchan Cambrai','Auchan','2017-01-03 11:30:00',1,110,'d60e773b6e4864f71d6884f8f71ab62ec352c3d5'),(90,'Auchan City','Auchan','2017-01-03 11:30:00',1,111,'1a4d3329e383c8ecb991b1e9c50d83f97e77256f'),(91,'Auchan Cambrai','Auchan','2017-01-03 11:30:00',1,112,'ba4a8d75386662eb74c0c779aa6b04a67d0755a4'),(92,'Auchan Roncq','Auchan','2017-01-03 11:30:00',1,113,'ff98e3a76d474f96d1ca1692fd73435174602225'),(93,'Auchan Englos Lille','Auchan','2017-01-03 11:30:00',1,114,'a08ef31a811cfaaeb60db86ebf4f988f8b02f56a'),(94,'Aushopping Noyelles','Auchan','2017-01-03 11:30:00',1,115,'54a62cd10b74fb9c327d835441d389ab9892c1f7'),(95,'Auchan Faches Thumesnil Lille','Auchan','2017-01-03 11:30:00',1,116,'4dfca739b2333f1489f02cf47b13fa52f78522df'),(96,'Centre Commercial Auchan Cambrai','Auchan','2017-01-03 11:30:00',1,117,'1552569c9707827bb284c084c28eb4c2836167a3'),(97,'Auchan Leers Lille','Auchan','2017-01-03 11:30:00',1,118,'488fe357f16913731ea3e5dc78cdd87041899200'),(98,'Auchan SAV','Auchan','2017-01-03 11:30:00',1,119,'ed8b9a2621db18b8fe287ae349dc8786bc98dd46'),(99,'Auchan Valenciennes','Auchan','2017-01-03 11:30:00',1,120,'638d76cc3149e9581b26bd5f8ec9a6a029652225'),(100,'Auchan Drive Leers','Auchan','2017-01-03 11:30:00',1,121,'631c91b5221489b14bc3ffc002a18137349f2f57'),(101,'Auchan Drive','Auchan','2017-01-03 11:30:00',1,122,'8cd920c81848332651750f9ee8338ae830ed4f72'),(102,'Auchan Drive Villeneuve d\'Ascq - V2','Auchan','2017-01-03 11:30:00',1,123,'b8806c57a46f6e727d29c7bb810a26d8404504d2'),(103,'Carrefour Contact','Carrefour','2017-01-03 11:30:00',1,124,'55a9eca2a8b8574247032efb179a4b2ce77c5d15'),(104,'Carrefour','Carrefour','2017-01-03 11:30:00',1,125,'d493b2e43cfee82125bd2280fee240943f5ea266'),(105,'Carrefour Contact','Carrefour','2017-01-03 11:30:00',1,126,'cd93e25c42f623cb6f52cf2e7bcede4397732eba'),(106,'Carrefour Express Lille Gambetta','Carrefour','2017-01-03 11:30:00',1,127,'486a52354b64519b4e05e6dcd1d474f1a8f4a18a'),(107,'Carrefour City Cambrai','Carrefour','2017-01-03 11:30:00',1,128,'1a797bf3417502cd8cfab76c558f24e2ca7db65e'),(108,'Carrefour Market Saint Pol sur Ternoise','Carrefour','2017-01-03 11:30:00',1,129,'ee8c797cbf78949a5ad25ae92bab71639e5f3561'),(109,'Carrefour Contact Mons en Pevele','Carrefour','2017-01-03 11:30:00',1,130,'4d5522d1dcfc505506a181a8c4fee45c3b4595e2'),(110,'Carrefour City Lens','Carrefour','2017-01-03 11:30:00',1,131,'346e042fdd7b6087c8b6acdc9ad63af6ddb38658'),(111,'Carrefour City Lille Isly','Carrefour','2017-01-03 11:30:00',1,132,'aaca59808b10b65333386a25fd4726902f34a780'),(112,'Carrefour Market Lille Moselle','Carrefour','2017-01-03 11:30:00',1,133,'9239bd07dde29e811b777cb696535cb55ee9932a'),(113,'Carrefour City Lille Postes','Carrefour','2017-01-03 11:30:00',1,134,'60c4ea344116a95beda32a3f66bf3628a9099885'),(114,'Carrefour Express Lille Tacq','Carrefour','2017-01-03 11:30:00',1,135,'77f8b31c4156e78f5d25794d423fe51be82822ea'),(115,'Carrefour','Carrefour','2017-01-03 11:30:00',1,136,'dfd1ecc7c78d3e972a43e723170a15467b99b72e'),(116,'Carrefour Wasquehal','Carrefour','2017-01-03 11:30:00',1,137,'ba8ab9035566bb92c816a3aa7618977b1290dbee'),(117,'Carrefour Market Bray-Dunes','Carrefour','2017-01-03 11:30:00',1,138,'9f4735cd4157ae8f032761ad6e391c1284fc84ab'),(118,'Carrefour City Loos','Carrefour','2017-01-03 11:30:00',1,139,'7132c778bb89b1eb2202190a5025f8d7ee06981a'),(119,'Carrefour Market Anzin Valmont','Carrefour','2017-01-03 11:30:00',1,140,'ceb2f3e7102f9dd36976e219fc7aa160de43af96'),(120,'Carrefour City','Carrefour','2017-01-03 11:30:00',1,141,'ebad92314b5830fef399f01aef5e5e26633f3234'),(121,'Market Lille Fives','Carrefour','2017-01-03 11:30:00',1,142,'ceada5c9b07c5de24b3aed1c5269ea66dcaf2312'),(122,'Carrefour Contact','Carrefour','2017-01-03 11:30:00',1,143,'506dc0996be26dd296f97bab3b1b4e5422472ba9'),(143,'E.Leclerc Lille','Leclerc','2017-01-03 11:30:00',1,164,'1bd163e05c23098c8068e3fc5cc5781c71719ad7'),(144,'E.Leclerc Templeuve','Leclerc','2017-01-03 11:30:00',1,165,'a35e58ea1fd72234ebaa4000a4d1e7b3007fb3d5'),(145,'E.Leclerc Drive Seclin Lorival','Leclerc','2017-01-03 11:30:00',1,166,'556eb41f39323892f645c5b0d1edde8669c9e6f0'),(146,'E.Leclerc Drive Fretin - CRT Lesquin','Leclerc','2017-01-03 11:30:00',1,167,'3ea51fd4b517908224dee0aac59a98f1724a249f'),(147,'E.Leclerc Hallennes-lez-Haubourdin','Leclerc','2017-01-03 11:30:00',1,168,'109b885c1bafde87ac7728d80ee88cb16a57d140'),(148,'E.Leclerc Drive Lomme','Leclerc','2017-01-03 11:30:00',1,169,'fad0ce18aa525d41033fce4c1dd47f5d79b36481'),(149,'E.Leclerc Seclin','Leclerc','2017-01-03 11:30:00',1,170,'11be5b3a5efde0ae67c467e80cb3d019af976218'),(150,'E-Leclerc Douai','Leclerc','2017-01-03 11:30:00',1,171,'932b6796d64d0b500eb25b9ffd1d4ea719b9830d'),(151,'E.Leclerc Drive Waziers / Douai','Leclerc','2017-01-03 11:30:00',1,172,'e8bb4442c99cd80c294aa0b368e20321e8379a12'),(152,'E.Leclerc','Leclerc','2017-01-03 11:30:00',1,173,'a6039339e8db0c592c9c3808a523564b9a08d701'),(153,'E.Leclerc Drive Loison','Leclerc','2017-01-03 11:30:00',1,174,'16cbbde1e7c93659f732647d94879f1459f6956f'),(154,'E-Leclerc Arras','Leclerc','2017-01-03 11:30:00',1,175,'286607fd0afaf43bdf9dae56373332f2016aca26'),(155,'E.Leclerc Wattrelos','Leclerc','2017-01-03 11:30:00',1,176,'504bde8db8fd49fc1d5f2b627cd62ac312f30823'),(156,'E.Leclerc Bailleul','Leclerc','2017-01-03 11:30:00',1,177,'923e2f7b4b3a6f41700ed13691943e3918db06ec'),(157,'E.Leclerc','Leclerc','2017-01-03 11:30:00',1,178,'291ec2635eda41e7a183513ff4136df3ba314baa'),(158,'E.Leclerc Dainville','Leclerc','2017-01-03 11:30:00',1,179,'81c98a68fa97c7c1fa2d16870726f29ad36ac2c9'),(159,'E.Leclerc Drive Beuvry','Leclerc','2017-01-03 11:30:00',1,180,'186faf1da2eb180658c0dfc0c2b6bcdc92512a87'),(160,'E.Leclerc Vermelles','Leclerc','2017-01-03 11:30:00',1,181,'5443844d7c7e115e536441c39ac318878fc1be9e'),(161,'E.Leclerc Courcelles','Leclerc','2017-01-03 11:30:00',1,182,'ff769ac44fbae82da2d036bfa5b75b62fe1f0a65'),(162,'E.Leclerc Drive Saint-Nicolas - Val de Scarpe','Leclerc','2017-01-03 11:30:00',1,183,'9d189d9c8e5d9b4b9cfbdff52a3c93968b52334a'),(163,'Lidl','Lidl','2017-01-03 11:30:00',1,184,'1e3d416d61ac1b211e1808284e13c72922b59899'),(164,'Lidl - Annœullin','Lidl','2017-01-03 11:30:00',1,185,'d3a79e5d8ec6b893088ee4ee7746e70a276e6a0e'),(165,'Lidl','Lidl','2017-01-03 11:30:00',1,186,'a8f0fb2b956640ee4e4ac8b968fb02fc2ce19c95'),(166,'Lidl','Lidl','2017-01-03 11:30:00',1,187,'5d0f138cbb0a2a1785481a4fce66eeaffae4163c'),(167,'Lidl','Lidl','2017-01-03 11:30:00',1,188,'310c32dba7a7aaeffb1781ed58700f3a46ff685a'),(168,'Lidl','Lidl','2017-01-03 11:30:00',1,189,'09959b6b3a0461065184f70920a0a5cf5d0ae81a'),(169,'Lidl','Lidl','2017-01-03 11:30:00',1,190,'eca5dfc08cdb397019e4fda027dd3495f6bbb69b'),(170,'Lidl','Lidl','2017-01-03 11:30:00',1,191,'0c1cd884d899e1851a800c065823600fd88be38b'),(171,'Lidl - Loos','Lidl','2017-01-03 11:30:00',1,192,'fef6d44cfca3cca4b5599f242077649344d987b9'),(172,'Lidl','Lidl','2017-01-03 11:30:00',1,193,'43336776b2a74308ec257745dc53216c40bf75dd'),(173,'Lidl','Lidl','2017-01-03 11:30:00',1,194,'a891794a36303979ccbc890002cb4f72bf018f79'),(174,'Lidl','Lidl','2017-01-03 11:30:00',1,195,'a829b3e6c8704ef3b11a68751647dda94923f504'),(175,'Lidl','Lidl','2017-01-03 11:30:00',1,196,'d0db60127be14c875409b1d4d1e510de7606eaef'),(176,'Lidl','Lidl','2017-01-03 11:30:00',1,197,'fcd558d99fac95fff553d0c7dc67070e8ebc33c2'),(177,'Lidl','Lidl','2017-01-03 11:30:00',1,198,'1445d573820fc12a9f46bbe24dc3af16c87d1bf0'),(178,'Lidl','Lidl','2017-01-03 11:30:00',1,199,'453e4c980a273a33e0f5e0b7fa6586e2d190f227'),(179,'Lidl','Lidl','2017-01-03 11:30:00',1,200,'6a08b11ae07bbe50baefdf0d7f9d5e6563033aaa'),(180,'Lidl','Lidl','2017-01-03 11:30:00',1,201,'df3c851938bd13663a38ad021914bf4eaf81bb58'),(181,'Lidl','Lidl','2017-01-03 11:30:00',1,202,'ac5c7e786ba9fec95be184852dc67e35ca44a0ae'),(182,'Lidl','Lidl','2017-01-03 11:30:00',1,203,'74c73985f3c27e2213bf047ff5a964f128b5d833'),(183,'Supermarchés Match','Match','2017-01-03 11:30:00',1,204,'7e4f9cc6d35e0ac76897304ce367e99506fc1933'),(184,'Supermarchés Match','Match','2017-01-03 11:30:00',1,205,'70a18c60c7a11b5465926b58393a38df74f8f100'),(185,'Supermarchés Match','Match','2017-01-03 11:30:00',1,206,'7df2c9c8010aaaa54af56086180850a17d8d584f'),(186,'Supermarchés Match','Match','2017-01-03 11:30:00',1,207,'a92d64064929d20e30d29d600bb2ffd6b37f7516'),(187,'Supermarché Match','Match','2017-01-03 11:30:00',1,208,'a94c6340d85808f1926ddd9f110184f8be3ce602'),(188,'Supermarchés Match','Match','2017-01-03 11:30:00',1,209,'1ed8b755dc747d05f7dcb2c8db2e9c5d22dddd4c'),(189,'Supermarchés Match','Match','2017-01-03 11:30:00',1,210,'81487394dbdc9860280f377e5743cfe7ac474c78'),(190,'Supermarchés Match','Match','2017-01-03 11:30:00',1,211,'26b5f1acedbbd84e411a049e527729873ca60715'),(191,'Supermarchés Match','Match','2017-01-03 11:30:00',1,212,'134cf5b00bbb7223bf50947ed0131019153147b2'),(192,'Supermarché Match','Match','2017-01-03 11:30:00',1,213,'fcbeb0b255882cb03a2e0406f3ae939bb2d85896'),(193,'Supermarchés Match','Match','2017-01-03 11:30:00',1,214,'c1c6893627e16008f2864f90783cb7947a442464'),(194,'Supermarchés Match','Match','2017-01-03 11:30:00',1,215,'52e70398048d608dc544260de34c611f7dc6ca29'),(195,'Supermarché Match','Match','2017-01-03 11:30:00',1,216,'51327cbeb8bf5dfa318a3b08ccfa5438813e55c4'),(196,'Supermarchés Match','Match','2017-01-03 11:30:00',1,217,'1f04e6ffce07ef2501ae8b8fb4e07a4a17fc318d'),(197,'Supermarchés Match','Match','2017-01-03 11:30:00',1,218,'d543278c7724d22c256ed9d9375a811214ccb185'),(198,'Supermarchés Match','Match','2017-01-03 11:30:00',1,219,'994b172b57cac534f233b1209267a681f17dd5ec'),(199,'Match','Match','2017-01-03 11:30:00',1,220,'23a0cf371df2c7f906f75a64c08c6f081c80317d'),(200,'Supermarché Match','Match','2017-01-03 11:30:00',1,221,'87245ce3e3f8d267f2ca63708c9698e1359dc208'),(201,'Supermarchés Match','Match','2017-01-03 11:30:00',1,222,'31436edd4e561f615deaed251421e0a433c6cdc7'),(202,'Supermarchés Match','Match','2017-01-03 11:30:00',1,223,'ccc6b2245271a8d01d87339cd81760d5fe45b4db'),(203,'Géant Casino','Géant Casino','2017-01-03 11:30:00',1,224,'460fca2b301a8e445718291f9a3dd1ade25941fa'),(204,'Casino supermarché et drive','Géant Casino','2017-01-03 11:30:00',1,225,'8142565c11a7f8098ebc13096ead1519efaf9023'),(205,'Distribution Casino France','Géant Casino','2017-01-03 11:30:00',1,226,'81ac1d3766bc3a482b9bdeaaac4d911842698e30'),(206,'Distribution Casino France','Géant Casino','2017-01-03 11:30:00',1,227,'3cfc0aba9b046e716217e3a6819c6e93778f5132'),(207,'Distribution Casino France','Géant Casino','2017-01-03 11:30:00',1,228,'a2eedee327764cf248aa267eaf71ca8eaa273595'),(208,'Distribution Casino France','Géant Casino','2017-01-03 11:30:00',1,229,'926ce42afe11b1a2bcbd858ac685fcfecfab9482'),(209,'Casino','Géant Casino','2017-01-03 11:30:00',1,230,'29fee473c0804ca8712eac28f265a7ef6c38a0ad');
/*!40000 ALTER TABLE `shop` ENABLE KEYS */;
UNLOCK TABLES;

--
-- Table structure for table `shop_product`
--

DROP TABLE IF EXISTS `shop_product`;
/*!40101 SET @saved_cs_client     = @@character_set_client */;
/*!40101 SET character_set_client = utf8 */;
CREATE TABLE `shop_product` (
  `id` int(11) NOT NULL AUTO_INCREMENT,
  `ratio` float DEFAULT NULL,
  `price` double DEFAULT NULL,
  `product_id` int(11) NOT NULL,
  `shop_id` int(11) NOT NULL,
  PRIMARY KEY (`id`),
  KEY `fk_Produit_has_magasin_magasin1_idx` (`shop_id`),
  KEY `fk_Produit_has_magasin_Produit1_idx` (`product_id`),
  CONSTRAINT `fk_Produit_has_magasin_Produit1` FOREIGN KEY (`product_id`) REFERENCES `product` (`id`) ON DELETE NO ACTION ON UPDATE NO ACTION,
  CONSTRAINT `fk_Produit_has_magasin_magasin1` FOREIGN KEY (`shop_id`) REFERENCES `shop` (`id`) ON DELETE NO ACTION ON UPDATE NO ACTION
) ENGINE=InnoDB AUTO_INCREMENT=45 DEFAULT CHARSET=utf8;
/*!40101 SET character_set_client = @saved_cs_client */;

--
-- Dumping data for table `shop_product`
--

LOCK TABLES `shop_product` WRITE;
/*!40000 ALTER TABLE `shop_product` DISABLE KEYS */;
INSERT INTO `shop_product` VALUES (6,0,4.45,15320,112),(7,0,2.26,15320,113),(8,0,2.27,15320,114),(9,0,2.28,15320,115),(10,0,2.29,15320,116),(11,0,2.3,15320,117),(12,0,1.15,8780,112),(13,0,99.99,8780,113),(14,0,1.17,8780,114),(15,0,1.18,8780,115),(16,0,1.19,8780,116),(17,0,2.89,36117,188),(18,0,4.11,36369,188),(19,0,2.9,36336,188),(20,0,14.1,35565,188),(21,0,1.5,35852,188),(22,0,0.99,32491,188),(23,0,1.5,20321,188),(24,0,3.45,11096,188),(25,0,1.89,36117,111),(26,0,3.11,36369,111),(27,0,1.9,36336,111),(28,0,13.1,35565,111),(29,0,0.5,35852,111),(30,0,0.49,32491,111),(31,0,0.5,20321,111),(32,0,2.45,11096,111),(33,0,1.89,36117,113),(34,0,3.11,36369,113),(35,0,13.1,35565,113),(36,0,0.5,35852,113),(37,0,0.5,20321,113),(38,0,2.45,11096,113),(40,0,99.99,15320,157),(42,0,70.72,16711,112),(43,0,70.72,19829,89),(44,0,99.99,8780,188);
/*!40000 ALTER TABLE `shop_product` ENABLE KEYS */;
UNLOCK TABLES;

--
-- Table structure for table `shopping_list`
--

DROP TABLE IF EXISTS `shopping_list`;
/*!40101 SET @saved_cs_client     = @@character_set_client */;
/*!40101 SET character_set_client = utf8 */;
CREATE TABLE `shopping_list` (
  `id` int(11) NOT NULL AUTO_INCREMENT,
  `name` varchar(45) NOT NULL,
  `is_actif` tinyint(1) NOT NULL DEFAULT '1',
  `is_close` tinyint(1) NOT NULL,
  `is_done` tinyint(1) NOT NULL,
  `is_favor` tinyint(1) NOT NULL,
  `updated_date` datetime NOT NULL,
  `member_id` int(11) NOT NULL,
  `shop_id` int(11) DEFAULT NULL,
  PRIMARY KEY (`id`),
  KEY `fk_Utilisateur_has_Produit_Utilisateur_idx` (`member_id`),
  KEY `fk_shopping_list_shop1_idx` (`shop_id`),
  CONSTRAINT `fk_Utilisateur_has_Produit_Utilisateur` FOREIGN KEY (`member_id`) REFERENCES `member` (`id`) ON DELETE NO ACTION ON UPDATE NO ACTION,
  CONSTRAINT `fk_shopping_list_shop1` FOREIGN KEY (`shop_id`) REFERENCES `shop` (`id`) ON DELETE NO ACTION ON UPDATE NO ACTION
) ENGINE=InnoDB AUTO_INCREMENT=111 DEFAULT CHARSET=utf8;
/*!40101 SET character_set_client = @saved_cs_client */;

--
-- Dumping data for table `shopping_list`
--

LOCK TABLES `shopping_list` WRITE;
/*!40000 ALTER TABLE `shopping_list` DISABLE KEYS */;
INSERT INTO `shopping_list` VALUES (12,'KamahoroList1',1,0,0,0,'2016-12-29 00:00:00',45,NULL),(13,'KamahoroList2',1,0,0,0,'2016-12-29 00:00:00',45,NULL),(14,'KamahoroList3',1,0,0,0,'2016-12-29 00:00:00',45,NULL),(15,'KamahoroList4',1,0,0,0,'2016-12-29 00:00:00',45,NULL),(16,'KamahoroList5',1,0,0,0,'2016-12-29 00:00:00',45,NULL),(17,'KamahoroList6',1,0,0,0,'2016-12-29 00:00:00',45,NULL),(18,'KamahoroList7',1,0,0,0,'2016-12-29 00:00:00',45,NULL),(19,'KamahoroList8',1,0,0,0,'2016-12-29 00:00:00',45,NULL),(20,'KamahoroList9',1,0,1,0,'2016-12-29 00:00:00',45,NULL),(21,'LeGrandSeb1',1,0,0,0,'2016-12-29 00:00:00',69,85),(22,'Testing',1,0,0,1,'2016-12-29 00:00:00',69,86),(23,'LeGrandSeb3',1,0,0,0,'2016-12-29 00:00:00',69,87),(24,'LeGrandSeb4',0,0,0,0,'2016-12-29 00:00:00',69,88),(25,'LeGrandSeb5',0,0,0,0,'2016-12-29 00:00:00',69,89),(26,'LeGrandSeb6',1,0,0,0,'2016-12-29 00:00:00',69,90),(27,'LeGrandSeb7',1,0,0,1,'2016-12-29 00:00:00',69,91),(28,'LeGrandSeb8',1,0,0,0,'2016-12-29 00:00:00',69,92),(33,'Liste Vide',1,0,0,0,'2017-01-12 22:58:31',69,93),(34,'LeGrandSeb3 Liste',1,0,0,0,'2017-01-12 23:24:03',69,NULL),(35,'NewLeGrandSeb4',1,0,0,0,'2017-01-12 23:26:25',69,NULL),(36,'LeGrandSeb List1',1,0,0,0,'2017-01-19 10:24:00',70,NULL),(37,'LeGrandSeb List2',1,0,0,0,'2017-01-19 10:24:00',70,NULL),(38,'LeGrandSeb List3',1,0,0,0,'2017-01-19 10:24:00',70,NULL),(39,'LeGrandSeb List4',1,0,0,0,'2017-01-19 10:24:00',70,NULL),(40,'LeGrandSeb List5',1,0,0,0,'2017-01-19 10:24:00',70,NULL),(41,'LeGrandSeb List6',1,0,0,0,'2017-01-19 10:24:00',70,NULL),(42,'LeGrandSeb List7',1,0,0,0,'2017-01-19 10:24:00',70,NULL),(43,'LeGrandSeb List8',1,0,0,0,'2017-01-19 10:24:00',70,NULL),(44,'LeGrandSeb List9',0,0,0,0,'2017-01-19 10:24:00',70,NULL),(45,'NewLeGrandSeb List9',1,0,0,0,'2017-01-19 10:31:17',70,NULL),(46,'LeGrandSeb List1',1,0,0,0,'2017-01-19 11:52:27',71,NULL),(47,'LeGrandSeb List2',1,0,0,0,'2017-01-19 11:52:27',71,NULL),(48,'LeGrandSeb List3',1,0,0,0,'2017-01-19 11:52:27',71,NULL),(49,'LeGrandSeb List4',1,0,0,0,'2017-01-19 11:52:27',71,NULL),(50,'LeGrandSeb List5',1,0,0,0,'2017-01-19 11:52:27',71,NULL),(51,'LeGrandSeb List6',1,0,0,0,'2017-01-19 11:52:27',71,NULL),(52,'LeGrandSeb List7',1,0,0,0,'2017-01-19 11:52:27',71,NULL),(53,'LeGrandSeb List8',1,0,0,0,'2017-01-19 11:52:27',71,NULL),(54,'LeGrandSeb List9',0,0,0,0,'2017-01-19 11:52:27',71,NULL),(100,'LeGrandSeb List1',0,0,0,0,'2017-01-24 10:20:20',79,NULL),(101,'LeGrandSeb List2',0,0,0,0,'2017-01-24 10:20:20',79,NULL),(102,'LeGrandSeb List3',0,0,0,0,'2017-01-24 10:20:20',79,NULL),(103,'LeGrandSeb List4',1,0,0,0,'2017-01-24 10:20:20',79,NULL),(104,'LeGrandSeb List5',1,0,0,0,'2017-01-24 10:20:20',79,NULL),(105,'LeGrandSeb List6',1,0,0,0,'2017-01-24 10:20:20',79,NULL),(106,'LeGrandSeb List7',0,0,0,0,'2017-01-24 10:20:20',79,NULL),(107,'LeGrandSeb List8',1,0,0,0,'2017-01-24 10:20:20',79,NULL),(108,'LeGrandSeb List9',0,0,0,0,'2017-01-24 10:20:20',79,NULL),(109,'NewLeGrandSeb List9',1,0,0,0,'2017-01-24 10:28:36',79,NULL),(110,'NewLeGrandSeb List9',1,0,0,0,'2017-01-24 10:28:47',71,NULL);
/*!40000 ALTER TABLE `shopping_list` ENABLE KEYS */;
UNLOCK TABLES;
/*!40103 SET TIME_ZONE=@OLD_TIME_ZONE */;

/*!40101 SET SQL_MODE=@OLD_SQL_MODE */;
/*!40014 SET FOREIGN_KEY_CHECKS=@OLD_FOREIGN_KEY_CHECKS */;
/*!40014 SET UNIQUE_CHECKS=@OLD_UNIQUE_CHECKS */;
/*!40101 SET CHARACTER_SET_CLIENT=@OLD_CHARACTER_SET_CLIENT */;
/*!40101 SET CHARACTER_SET_RESULTS=@OLD_CHARACTER_SET_RESULTS */;
/*!40101 SET COLLATION_CONNECTION=@OLD_COLLATION_CONNECTION */;
/*!40111 SET SQL_NOTES=@OLD_SQL_NOTES */;

-- Dump completed on 2017-01-24 11:26:59
