CREATE DATABASE  IF NOT EXISTS `cheaplist` /*!40100 DEFAULT CHARACTER SET utf8 */;
USE `cheaplist`;
-- MySQL dump 10.13  Distrib 5.7.12, for Win64 (x86_64)
--
-- Host: 127.0.0.1    Database: cheaplist
-- ------------------------------------------------------
-- Server version	5.7.16-log

/*!40101 SET @OLD_CHARACTER_SET_CLIENT=@@CHARACTER_SET_CLIENT */;
/*!40101 SET @OLD_CHARACTER_SET_RESULTS=@@CHARACTER_SET_RESULTS */;
/*!40101 SET @OLD_COLLATION_CONNECTION=@@COLLATION_CONNECTION */;
/*!40101 SET NAMES utf8 */;
/*!40103 SET @OLD_TIME_ZONE=@@TIME_ZONE */;
/*!40103 SET TIME_ZONE='+00:00' */;
/*!40014 SET @OLD_UNIQUE_CHECKS=@@UNIQUE_CHECKS, UNIQUE_CHECKS=0 */;
/*!40014 SET @OLD_FOREIGN_KEY_CHECKS=@@FOREIGN_KEY_CHECKS, FOREIGN_KEY_CHECKS=0 */;
/*!40101 SET @OLD_SQL_MODE=@@SQL_MODE, SQL_MODE='NO_AUTO_VALUE_ON_ZERO' */;
/*!40111 SET @OLD_SQL_NOTES=@@SQL_NOTES, SQL_NOTES=0 */;

--
-- Table structure for table `address`
--

DROP TABLE IF EXISTS `address`;
/*!40101 SET @saved_cs_client     = @@character_set_client */;
/*!40101 SET character_set_client = utf8 */;
CREATE TABLE `address` (
  `id` int(11) NOT NULL AUTO_INCREMENT,
  `city` varchar(45) NOT NULL,
  `street_name` varchar(255) DEFAULT NULL,
  `zip_code` int(11) DEFAULT NULL,
  `lag` double DEFAULT NULL,
  `lng` double DEFAULT NULL,
  PRIMARY KEY (`id`)
) ENGINE=InnoDB AUTO_INCREMENT=233 DEFAULT CHARSET=utf8;
/*!40101 SET character_set_client = @saved_cs_client */;

--
-- Dumping data for table `address`
--

LOCK TABLES `address` WRITE;
/*!40000 ALTER TABLE `address` DISABLE KEYS */;
INSERT INTO `address` VALUES (104,' Béthune',' 483 Centre Commercial La Rotonde',0,50.52258099999999,2.630195),(105,' Sin-le-Noble',' Rocade Est',0,50.3422052,3.0997003),(106,' Villeneuve-d\'Ascq','Quartier de l\'Hôtel de Ville',0,50.618016,3.1308243),(107,' Béthune','483 Rue Benjamin Moloise',0,50.5223581,2.6304773),(108,' Arras','225 Avenue Winston Churchill',0,50.2999308,2.732016499999999),(109,' Arras','225 Avenue Winston Churchill',0,50.3000851,2.7311349),(110,' Escaudœuvres','2 Rue Jean Jaurès',0,50.18413450000001,3.2555191),(111,' Tourcoing','Rue Fidèle Lehoucq',0,50.7206953,3.1595891),(112,' Escaudœuvres','2 Rue Jean Jaurès',0,50.1841836,3.255655899999999),(113,' Roncq','Boulevard d\'Halluin',0,50.73797619999999,3.1360174),(114,' Haubourdin','352 Route nationale',0,50.6320725,2.9687912),(115,' Noyelles-Godault','Route Nationale 43',0,50.41233619999999,2.977426399999999),(116,' Faches-Thumesnil','Chemin de Templemars',0,50.582318,3.079477),(117,' Escaudœuvres','2 Rue Jean Jaurès',0,50.18413,3.255433),(118,' Leers','1 Avenue de l\'Europe',0,50.68055409999999,3.2189572),(119,' Leers','1 Avenue de l\'Europe',0,50.68017589999999,3.217163499999999),(120,' Valenciennes','Avenue du Général Horne',0,50.3455209,3.5190279),(121,' Leers',' Avenue de l\'Europe',0,50.68096309999999,3.225353099999999),(122,' Lomme','Centre Commercial Auchan Englos Les Géants',0,50.63416829999999,2.9697139),(123,' Lezennes','7Bis Rue des Carriers',0,50.61546339999999,3.120385499999999),(124,' Phalempin','47 Rue Jean Baptiste Lebas',0,50.52082149999999,3.0205483),(125,'Loos-en-Gohelle','',0,50.45791000000001,2.792788),(126,' Bruay-la-Buissière','Rue Desseligny',0,50.48641269999999,2.5307007),(127,' Lille','73 Rue Léon Gambetta',0,50.6308003,3.0583403),(128,' Cambrai','rue Saint Aubert',0,50.176193,3.2310856),(129,' Saint-Pol-sur-Ternoise','7 Boulevard Carnot',0,50.3799731,2.3361289),(130,' Mons-en-Pévèle','1 Rue Saint-Jean',0,50.47849,3.1101471),(131,' Lens','4 Place Jean Jaurès',0,50.42954289999999,2.8331537),(132,' Lille','4 Rue d\'Isly',0,50.62552360000001,3.0394176),(133,' Lille','41 Boulevard de la Moselle',0,50.6275174,3.032789699999999),(134,' Lille','193 Rue des Postes',0,50.62352759999999,3.0541049),(135,' Lille','place Tacq',0,50.6209296,3.0353611),(136,' Lomme Cedex','130 rue de Grand But - Boîte Postale 129',0,50.65163999999999,2.977518999999999),(137,' Wasquehal',' Boîte Postale 59',0,50.6810593,3.1234534),(138,' Bray-Dunes','49 Rue Pierre Decock',0,51.063846,2.521229),(139,' Loos','62 Rue du Maréchal Foch',0,50.61527569999999,3.0176735),(140,' Anzin',' Centre Commercial',0,50.3695639,3.502729),(141,' Templemars','Rue Jean Jaurès',0,50.5696136,3.0546132),(142,' Lille','268 Rue Pierre Legrand',0,50.62959999999999,3.095078),(143,' Capinghem','Rue du Grand But',0,50.6464435,2.9737867),(144,' Courrières','Rue Raoul Briquet',0,50.4455871,2.9468022),(145,' Bruay-la-Buissière','1115 Rue de la Libération',0,50.49507070000001,2.5683279),(146,' Villeneuve-d\'Ascq','18 Rue Jules Guesde',0,50.63617499999999,3.1197565),(147,' Coudekerque-Branche','Rue Jacquard',0,51.0156625,2.3796216),(148,' Wattignies','Rue Clemenceau',0,50.5919927,3.053713),(149,' Coudekerque-Branche','Rue Jacquard',0,51.0163776,2.3799389),(150,' Vendin-le-Vieil',' RN 47',0,50.45910599999999,2.825312),(151,' Villeneuve-d\'Ascq','12 Rue Jules Guesde',0,50.6062686,3.075932799999999),(152,' Cambrai','1 Avenue de Paris',0,50.168838,3.231373),(153,' Villeneuve-d\'Ascq','123 Rue du 8 Mai 1945',0,50.63952700000001,3.153718000000001),(154,' Coudekerque-Branche','47 Route de Bergues',0,51.0151552,2.3778008),(155,' Courrières','Rue Raoul Briquet',0,50.4477941,2.9441806),(156,' Wambrechies','491 Rue de Quesnoy',0,50.6922848,3.0515117),(157,' Vieux-Condé','Rue Victor Hugo',0,50.460998,3.567854),(158,' La Madeleine','230 Rue du Général de Gaulle',0,50.6579649,3.074727199999999),(159,' Lille','97 Rue Solférino',0,50.6322116,3.0538507),(160,' Wasquehal','14 Rue de Marcq-en-Barœul',0,50.6704157,3.1228253),(161,' Libercourt','Avenue Blaise Pascal',0,50.4926948,2.9973969),(162,' Saint-Laurent-Blangy',' ZAC des Rosati',0,50.295083,2.791771),(163,' Auchel','5001F Rue d\'Allouagne',0,50.5129787,2.4769791),(164,' Lille Fives','94 Rue de Lannoy',0,50.63373319999999,3.0984757),(165,' Templeuve','29 Rue du Maresquel',0,50.5233344,3.173995300000001),(166,' Seclin','15 Rue de Lorival',0,50.56133209999999,3.0311682),(167,' Fretin','Boulevard du Petit Quinquin',0,50.5770047,3.123535),(168,' Hallennes-lez-Haubourdin','47 Rue Emile Zola',0,50.61500179999999,2.9678343),(169,'109 Rue des Fusillés','',0,50.63913700000001,2.969829),(170,' Seclin',' 350 Avenue de l\'Épinette',0,50.5498639,3.0547023),(171,' Douai',' 60040',0,50.3818643,3.0838561),(172,' Waziers','196 Route de Tournai',0,50.3922885,3.1095463),(173,' Bellaing','D13',0,50.3655797,3.432379),(174,' Loison-sous-Lens','193 Route de Lille',0,50.4477225,2.86508),(175,' Arras','91 Avenue Fernand Lobbedez',0,50.281226,2.7823299),(176,' Wattrelos',' Rue Carnot',0,50.6978426,3.2092266),(177,' Bailleul',' Avenue des Nations Unies',0,50.7243693,2.7389808),(178,' Carvin','165 Route de Meurchin',0,50.4995838,2.9461644),(179,' Dainville','Avenue Jean Mermoz',0,50.2817642,2.7390075),(180,' Beuvry',' Z.A Moulin',0,50.510998,2.684891),(181,' Vermelles','5 Place de la République',0,50.48636399999999,2.7453698),(182,' Courcelles-lès-Lens','Rue Louis Blanc',0,50.41506039999999,3.0247096),(183,' Saint-Nicolas',' Route de Lille',0,50.3040013,2.7926113),(184,' Roubaix','45 Rue Jules Guesde',0,50.68232190000001,3.179772299999999),(185,' Annœullin','71 Rue Roger Salengro',0,50.53097749999999,2.9395372),(186,' Houdain','173 Rue du Docteur Paul Bonduelle',0,50.45389939999999,2.5451017),(187,' Lievin','Rue du Temple',0,50.4309987,2.7540632),(188,' Anzin','77 Rue Jean Jaurès',0,50.3766306,3.518896899999999),(189,' Waziers','98 Route de Tournai',0,50.38820680000001,3.1020488),(190,' Lille','106/116 Boulevard Victor Hugo',0,50.6222098,3.060641599999999),(191,' Beuvry','9 Rue Jules Guesde',0,50.5222904,2.6686969),(192,' Loos','2 Boulevard de la République',0,50.6140217,3.0096449),(193,' Tourcoing','208 Rue du Pont Rompu',0,50.74017380000001,3.1468957),(194,' Roubaix','113 Rue Horace Vernet',0,50.6729239,3.186050400000001),(195,'59 Avenue Maurice Berteaux','',0,51.0280898,2.3518758),(196,' Mazingarbe','43 Chemin de la Bassée',0,50.4713074,2.7506862),(197,' Lille','183 Rue Anatole France',0,50.63641969999999,3.0143702),(198,' Arras','43 Rue Ernest Renan',0,50.2773711,2.7785396),(199,' Lesquin','8 Rue Anatole France',0,50.58910059999999,3.116116899999999),(200,' Arras','48 Avenue Winston Churchill',0,50.29772550000001,2.7551088),(201,' Villeneuve-d\'Ascq','73 Rue Marcel Bouderiez',0,50.619577,3.149946099999999),(202,' Sallaumines','1 Rue Séverine',0,50.42325289999999,2.852168599999999),(203,' Lillers','Zone Industrielle du Plantin',0,50.5684751,2.4581147),(204,' Villeneuve-d\'Ascq','123 Rue du 8 Mai 1945',0,50.63952700000001,3.153718000000001),(205,' Arras','Rue du 11 Novembre',0,50.2779104,2.7882939),(206,' Lambersart',' Avenue de Dunkerque',0,50.637602,3.025956),(207,' Lille','97 Rue Solférino',0,50.6322116,3.0538507),(208,' Ronchin','13 Rue Lavoisier',0,50.6044971,3.0768578),(209,' Lille','154 Boulevard Montebello',0,50.62138640000001,3.045979),(210,' Villeneuve-d\'Ascq','140 Rue Jean Jaurès',0,50.6643407,3.1421556),(211,' Tourcoing','Rue de Fleurus',0,50.735447,3.17293),(212,' Hénin-Beaumont','Rue Montpencher',0,50.4219139,2.9498614),(213,' Saint-Amand-les-Eaux','ZAC - Porte de Tournai',0,50.453911,3.4300747),(214,' Lille','Angle R. d\'arras et de Courmont',0,50.6196813,3.065026899999999),(215,' Le Quesnoy','25 Rue Désiré Tanis',0,50.249446,3.635655),(216,' Grenay','Rue Casimir Beugnet',0,50.4468261,2.7411274),(217,' Sallaumines','1 Rue Arthur Lamendin',0,50.4221029,2.8564567),(218,' Cambrai','1 Avenue de Paris',0,50.168838,3.231373),(219,' Oignies',' bis rue Emile Zola',0,50.4696937,2.9979957),(220,' Gent',' Woodrow Wilsonplein 4',0,51.0485959,3.729729100000001),(221,' Douai','Rue du Kiosque',0,50.3643221,3.0764981),(222,' Loos','92 Rue Georges Potié',0,50.613723,3.001901),(223,' Dunkerque','Boulevard Pierre Mendès France',0,51.03939299999999,2.404426),(224,' Roubaix','21 Bis Grand\' Rue',0,50.6929791,3.174379900000001),(225,' Laventie','55 Rue Robert Parfait',0,50.626138,2.772732),(226,' La Madeleine','94 Avenue de la République',0,50.6454909,3.075745699999999),(227,' Fretin','35 Rue Pasteur',0,50.55738119999999,3.1316385),(228,' Villeneuve-d\'Ascq','6 Rue du Général Leclerc',0,50.63673719999999,3.128432),(229,' Béthune','27 Rue Benoîte Vincent',0,50.52741799999999,2.6383104),(230,'France','',0,50.7223564,3.1596229),(231,'Lille','73 avenue Marx Dormoy',0,50.634955,3.035335),(232,'Wattrelos','10 Impasse Dutilleul',0,50.698252,3.203884);
/*!40000 ALTER TABLE `address` ENABLE KEYS */;
UNLOCK TABLES;

--
-- Table structure for table `category`
--

DROP TABLE IF EXISTS `category`;
/*!40101 SET @saved_cs_client     = @@character_set_client */;
/*!40101 SET character_set_client = utf8 */;
CREATE TABLE `category` (
  `id` int(11) NOT NULL AUTO_INCREMENT,
  `name` varchar(45) NOT NULL,
  `is_active` tinyint(1) NOT NULL,
  `section_id` int(11) NOT NULL,
  `url_image` varchar(150) DEFAULT NULL,
  PRIMARY KEY (`id`),
  KEY `fk_catégorie_rayon1_idx` (`section_id`),
  CONSTRAINT `fk_catégorie_rayon1` FOREIGN KEY (`section_id`) REFERENCES `section` (`id`) ON DELETE NO ACTION ON UPDATE NO ACTION
) ENGINE=InnoDB AUTO_INCREMENT=38 DEFAULT CHARSET=utf8;
/*!40101 SET character_set_client = @saved_cs_client */;

--
-- Dumping data for table `category`
--

LOCK TABLES `category` WRITE;
/*!40000 ALTER TABLE `category` DISABLE KEYS */;
INSERT INTO `category` VALUES (1,'Boucherie',1,1,'img/category_img/boucherie.svg'),(2,'Rôtisserie',1,1,'img/category_img/rotisserie.svg'),(3,'Volaille',1,1,'img/category_img/volaille.svg'),(4,'Poissonnerie',1,1,'img/category_img/poissonnerie.svg'),(5,'Fruits frais',1,2,'img/category_img/fruits_frais.svg'),(6,'Légume frais',1,2,'img/category_img/legumes_frais.svg'),(7,'Fruits secs',1,2,'img/category_img/fruits_secs.svg'),(8,'Légume secs',1,2,'img/category_img/legumes_secs.svg'),(9,'Plat cuisiné',1,3,'img/category_img/plats_cuisines.svg'),(10,'Pizza et tarte',1,3,'img/category_img/pizzas_et_tartes.svg'),(11,'Légume et frite',1,3,'img/category_img/legumes_frites.svg'),(12,'Glace',1,3,'img/category_img/glaces.svg'),(13,'Entrée et snack',1,3,'img/category_img/entrees_snacks.svg'),(14,'Apéritif',1,4,'img/category_img/aperitifs.svg'),(15,'Conserve',1,4,'img/category_img/conserve.svg'),(16,'Féculent',1,4,'img/category_img/feculents.svg'),(17,'Condiment',1,4,'img/category_img/condiments.svg'),(18,'Soupe et accompagnement',1,4,'img/category_img/soupe_et_accompagnements.svg'),(19,'Café et thé',1,5,'img/category_img/cafe_et_the.svg'),(20,'Confiserie',1,5,'img/category_img/confiserie.svg'),(21,'Petit déjeuner',1,5,'img/category_img/petit_dejeuner.svg'),(22,'Biscuit et gâteau',1,5,'img/category_img/biscuits_et_gateaux.svg'),(23,'Dessert et Farine',1,5,'img/category_img/dessert_et_farine.svg'),(24,'Crèmerie',1,6,'img/category_img/cremerie.svg'),(25,'Fromage et specialité',1,6,'img/category_img/fromage_et_specialites.svg'),(26,'Yaourt et dessert',1,6,'img/category_img/yaourt_et_dessert.svg'),(27,'Lait et petit déjeuner ',1,7,'img/category_img/charcuterie.svg'),(28,'Repas et gouter',1,7,'img/category_img/traiteur.svg'),(29,'Eau et lait',1,8,'img/category_img/eaux_et_laits.svg'),(30,'Jus de fruits et soda',1,8,'img/category_img/jus_et_soft_drinks.svg'),(31,'Bière et cidre',1,8,'img/category_img/biere_et_cidre.svg'),(32,'Alcool fort',1,8,'img/category_img/apero_et_alcools.svg'),(33,'Vin',1,8,'img/category_img/la_cave.svg'),(34,'Boulangerie',1,9,'img/category_img/boulangerie.svg'),(35,'Pâtisserie',1,9,'img/category_img/patisserie.svg'),(36,'Viennoiserie',1,9,'img/category_img/viennoiserie.svg'),(37,'Divers',1,10,'img/category_img/divers.svg');
/*!40000 ALTER TABLE `category` ENABLE KEYS */;
UNLOCK TABLES;

--
-- Table structure for table `list_product`
--

DROP TABLE IF EXISTS `list_product`;
/*!40101 SET @saved_cs_client     = @@character_set_client */;
/*!40101 SET character_set_client = utf8 */;
CREATE TABLE `list_product` (
  `id` int(11) NOT NULL AUTO_INCREMENT,
  `product_quantity` int(11) NOT NULL,
  `list_id` int(11) NOT NULL,
  `product_id` int(11) NOT NULL,
  `is_inbasket` tinyint(1) NOT NULL DEFAULT '0',
  PRIMARY KEY (`id`),
  KEY `fk_list_has_product_product1_idx` (`product_id`),
  KEY `fk_list_has_product_list1_idx` (`list_id`),
  CONSTRAINT `fk_list_has_product_list1` FOREIGN KEY (`list_id`) REFERENCES `shopping_list` (`id`) ON DELETE NO ACTION ON UPDATE NO ACTION,
  CONSTRAINT `fk_list_has_product_product1` FOREIGN KEY (`product_id`) REFERENCES `product` (`id`) ON DELETE NO ACTION ON UPDATE NO ACTION
) ENGINE=InnoDB DEFAULT CHARSET=utf8;
/*!40101 SET character_set_client = @saved_cs_client */;

--
-- Dumping data for table `list_product`
--

LOCK TABLES `list_product` WRITE;
/*!40000 ALTER TABLE `list_product` DISABLE KEYS */;
/*!40000 ALTER TABLE `list_product` ENABLE KEYS */;
UNLOCK TABLES;

--
-- Table structure for table `member`
--

DROP TABLE IF EXISTS `member`;
/*!40101 SET @saved_cs_client     = @@character_set_client */;
/*!40101 SET character_set_client = utf8 */;
CREATE TABLE `member` (
  `id` int(11) NOT NULL AUTO_INCREMENT,
  `name` varchar(45) NOT NULL,
  `login` varchar(45) NOT NULL,
  `password` varchar(45) NOT NULL,
  `created_date` datetime NOT NULL,
  `is_active` tinyint(1) NOT NULL DEFAULT '0',
  `email` varchar(45) NOT NULL,
  `token` varchar(45) DEFAULT 'token',
  `address_id` int(11) DEFAULT NULL,
  PRIMARY KEY (`id`),
  KEY `fk_Utilisateur_ville1_idx` (`address_id`),
  CONSTRAINT `fk_Utilisateur_ville1` FOREIGN KEY (`address_id`) REFERENCES `address` (`id`) ON DELETE NO ACTION ON UPDATE NO ACTION
) ENGINE=InnoDB AUTO_INCREMENT=80 DEFAULT CHARSET=utf8;
/*!40101 SET character_set_client = @saved_cs_client */;

--
-- Dumping data for table `member`
--

LOCK TABLES `member` WRITE;
/*!40000 ALTER TABLE `member` DISABLE KEYS */;
INSERT INTO `member` VALUES (45,'Bernard','Bernard','cy1r8g92','2016-01-02 00:00:00',1,'Bernard@gmail.com','cy1r8g92',231),(69,'Caren','Caren','ig587y3h','2013-11-24 00:00:00',1,'Caren@gmail.com','ig587y3h',232),(70,'Jayson','Jayson','hh0899ch','2014-10-19 10:24:00',1,'Jayson@gmail.com','hh0899ch',200),(71,'Audrey','Audrey','1f82mqu3','2011-03-10 11:52:27',1,'Audrey@gmail.com','1f82mqu3',195),(79,'Rebecca','Rebecca','gi446ju2','2017-01-24 10:20:20',1,'Rebecca@gmail.com','gi446ju2',175);
/*!40000 ALTER TABLE `member` ENABLE KEYS */;
UNLOCK TABLES;

--
-- Table structure for table `member_option`
--

DROP TABLE IF EXISTS `member_option`;
/*!40101 SET @saved_cs_client     = @@character_set_client */;
/*!40101 SET character_set_client = utf8 */;
CREATE TABLE `member_option` (
  `id` int(11) NOT NULL AUTO_INCREMENT,
  `name` varchar(45) DEFAULT NULL,
  `value` varchar(45) DEFAULT NULL,
  `member_id` int(11) NOT NULL,
  PRIMARY KEY (`id`),
  KEY `fk_option_member1_idx` (`member_id`),
  CONSTRAINT `fk_option_member1` FOREIGN KEY (`member_id`) REFERENCES `member` (`id`) ON DELETE NO ACTION ON UPDATE NO ACTION
) ENGINE=InnoDB DEFAULT CHARSET=utf8;
/*!40101 SET character_set_client = @saved_cs_client */;

--
-- Dumping data for table `member_option`
--

LOCK TABLES `member_option` WRITE;
/*!40000 ALTER TABLE `member_option` DISABLE KEYS */;
/*!40000 ALTER TABLE `member_option` ENABLE KEYS */;
UNLOCK TABLES;

--
-- Table structure for table `member_shop`
--

DROP TABLE IF EXISTS `member_shop`;
/*!40101 SET @saved_cs_client     = @@character_set_client */;
/*!40101 SET character_set_client = utf8 */;
CREATE TABLE `member_shop` (
  `member_id` int(11) NOT NULL,
  `shop_id` int(11) NOT NULL,
  PRIMARY KEY (`member_id`,`shop_id`),
  KEY `fk_member_has_shop_shop1_idx` (`shop_id`),
  KEY `fk_member_has_shop_member1_idx` (`member_id`),
  CONSTRAINT `fk_member_has_shop_member1` FOREIGN KEY (`member_id`) REFERENCES `member` (`id`) ON DELETE NO ACTION ON UPDATE NO ACTION,
  CONSTRAINT `fk_member_has_shop_shop1` FOREIGN KEY (`shop_id`) REFERENCES `shop` (`id`) ON DELETE NO ACTION ON UPDATE NO ACTION
) ENGINE=InnoDB DEFAULT CHARSET=utf8;
/*!40101 SET character_set_client = @saved_cs_client */;

--
-- Dumping data for table `member_shop`
--

LOCK TABLES `member_shop` WRITE;
/*!40000 ALTER TABLE `member_shop` DISABLE KEYS */;
INSERT INTO `member_shop` VALUES (69,113),(69,114),(69,115),(69,166);
/*!40000 ALTER TABLE `member_shop` ENABLE KEYS */;
UNLOCK TABLES;

--
-- Table structure for table `product`
--

DROP TABLE IF EXISTS `product`;
/*!40101 SET @saved_cs_client     = @@character_set_client */;
/*!40101 SET character_set_client = utf8 */;
CREATE TABLE `product` (
  `id` int(11) NOT NULL AUTO_INCREMENT,
  `name` varchar(255) NOT NULL,
  `ean` bigint(20) NOT NULL,
  `unit_name` text,
  `volume` float DEFAULT '0',
  `brand` varchar(90) NOT NULL,
  `implementation` varchar(90) DEFAULT NULL,
  `url` varchar(255) DEFAULT NULL,
  `category_id` int(11) NOT NULL,
  PRIMARY KEY (`id`),
  KEY `fk_product_category1_idx` (`category_id`),
  CONSTRAINT `fk_product_category1` FOREIGN KEY (`category_id`) REFERENCES `category` (`id`) ON DELETE NO ACTION ON UPDATE NO ACTION
) ENGINE=InnoDB AUTO_INCREMENT=36382 DEFAULT CHARSET=utf8;
/*!40101 SET character_set_client = @saved_cs_client */;

--
-- Dumping data for table `product`
--

LOCK TABLES `product` WRITE;
/*!40000 ALTER TABLE `product` DISABLE KEYS */;
INSERT INTO `product` VALUES (636,'8.6 Original',8714800029193,'50 cl',0,'Bavaria','','http://fr.openfoodfacts.org/images/products/871/480/002/9193/front.5.400.jpg',31),(637,'8.6 Original',8714800029285,'4x50 cl',0,'Bavaria','','http://fr.openfoodfacts.org/images/products/871/480/002/9285/front.11.400.jpg',31),(638,'Coconut',8715608222007,'33 cl',0,'Mongozo','','http://fr.openfoodfacts.org/images/products/871/560/822/2007/front.5.400.jpg',31),(639,'Buckwheat white beer',8715608222878,'33 cl',0,'Mongozo','','',31),(640,'IPA',8715951000550,'33 cl',0,'Hop Ruiter','','',31),(641,'Navigator',8716700015238,'500ml',0,'Amsterdam','','http://fr.openfoodfacts.org/images/products/871/670/001/5238/front.9.400.jpg',31),(642,'Iki Beer',8717524420017,'33 cL',0,'Yuzu','','http://fr.openfoodfacts.org/images/products/871/752/442/0017/front.7.400.jpg',31),(643,'Boisson malté sans alcool',8725000308384,'330 ml',0,'Brouwerij De Posthoorn','','',31),(644,'Dranjeboom',8725000637514,'50 cL',0,'Dranjeboom','','http://fr.openfoodfacts.org/images/products/872/500/063/7514/front.6.400.jpg',31),(645,'Malt Beverage',8725000639457,'500 ml',0,'3 Horses','','',31),(646,'Intense',8725000647346,'50 cl',0,'Atlas','','http://fr.openfoodfacts.org/images/products/872/500/064/7346/front.8.400.jpg',31),(648,'Kékette Extra Large',8791197826017,'33 cl',0,'Kékette','','http://fr.openfoodfacts.org/images/products/879/119/782/6017/front.23.400.jpg',31),(649,'Ice Point',8801119853301,'33 cl',0,'Hite','','http://fr.openfoodfacts.org/images/products/880/111/985/3301/front.6.400.jpg',31),(650,'Kindom',8847100750013,'33cl',0,'Pilsener','','',31),(651,'Lager',8851993513013,'33cl',0,'Chang','','http://fr.openfoodfacts.org/images/products/885/199/351/3013/front.3.400.jpg',31),(1199,'Club Sandwich Thon',9011600004658,'165g',0,'','','http://fr.openfoodfacts.org/images/products/901/160/000/4658/front.3.400.jpg',15),(1200,'Egg and Lettuce With Creamy Mayo Sandwich',9315303006453,'1 Sandwich',0,'7 Eleven','','http://fr.openfoodfacts.org/images/products/931/530/300/6453/front.6.400.jpg',15),(1201,'Ham with Cheese and Tomato Sandwich ',9315303006460,'1 Sandwich',0,'7 Eleven','','http://fr.openfoodfacts.org/images/products/931/530/300/6460/front.7.400.jpg',15),(1783,'Nuts snack size',8593893744486,'180 g (6 x 30g)',0,'Nestlé','','',20),(1784,'Sinas Snippers',8710224015156,'200 g',0,'Lonka','','http://fr.openfoodfacts.org/images/products/871/022/401/5156/front.6.400.jpg',20),(1785,'Mix Dextrose',8713600281169,'195 g',0,'Look-O-Look International','','',20),(1786,'Organic Raw Chocolate Noir/Éclats',8718421151752,'40 g',0,'Lovechock','','',20),(1787,'Tamarind Candy',8852646011702,'170 g',0,'Food Specialize,Thaï Dancer','','http://fr.openfoodfacts.org/images/products/885/264/601/1702/front.7.400.jpg',20),(1788,'Sesame nut candy',8936046152446,'100 g',0,'Banzaï','','http://fr.openfoodfacts.org/images/products/893/604/615/2446/front.7.400.jpg',20),(1789,'Connaisseurs Amandes',9003600581444,'100 g',0,'Lindt,Lindt & Sprüngli','','http://fr.openfoodfacts.org/images/products/900/360/058/1444/front.13.400.jpg',20),(2589,'Creaming Soda',9300624008231,'375 mL',0,'Kirk\'s','','http://fr.openfoodfacts.org/images/products/930/062/400/8231/front.8.400.jpg',30),(2590,'Orange & Mango With Natural Mineral Water',9300624407652,'1.25L',0,'Deep Spring,Coca-Cola Amatil','','http://fr.openfoodfacts.org/images/products/930/062/440/7652/front.6.400.jpg',30),(2591,'Ward\'s Baking Powder',9310061000293,'250 g',0,'Ward\'s','','',30),(2592,'Schweppes Dry Ginger Ale',9315596002477,'1.25 L',0,'Schweppes Australia,Asahi Breweries','','http://fr.openfoodfacts.org/images/products/931/559/600/2477/front.7.400.jpg',30),(2593,'Original Lemon Thirst Crusher Solo Since 1973 No artificial colour and flavour',9315596002491,'1.25L',0,'Solo,Schweppes Australia','','http://fr.openfoodfacts.org/images/products/931/559/600/2491/front.12.400.jpg',30),(6163,'Breakfast Biscuits - Cranberry',9300650001503,'300 g',0,'belVita','','http://fr.openfoodfacts.org/images/products/930/065/000/1503/front.10.400.jpg',22),(6164,'Chocolate Oreo 3 Packs',9300650012936,'206g 3 packs',0,'Oreo,Mondelēz International,Nabisco','','http://fr.openfoodfacts.org/images/products/930/065/001/2936/front.3.400.jpg',22),(6165,'Sanitarium Weet-Bix Go Breakfast biscuits Wild Berry burst',9300652805703,'250 g',0,'Sanitarium','','http://fr.openfoodfacts.org/images/products/930/065/280/5703/front.3.400.jpg',22),(6166,'MONTE',9310072000381,'200 g',0,'ARNOTT\'S','','http://fr.openfoodfacts.org/images/products/931/007/200/0381/front.3.400.jpg',22),(6167,'Butternut Snap Cookie',9310072000411,'250g',0,'Arnott\'s','','http://fr.openfoodfacts.org/images/products/931/007/200/0411/front.8.400.jpg',22),(6168,'Ginger Nut',9310072001128,'250g',0,'Arnott\'s','','http://fr.openfoodfacts.org/images/products/931/007/200/1128/front.8.400.jpg',22),(6170,'Anzac Biscuit',9310258511939,'175g',0,'Anzac','','http://fr.openfoodfacts.org/images/products/931/025/851/1939/front.7.400.jpg',22),(6171,'Blueberry Muffins',9310645107219,'9 pack 375g',0,'Coles','','http://fr.openfoodfacts.org/images/products/931/064/510/7219/front.11.400.jpg',22),(6172,'Shortbread Selection',9311015200561,'6 Pack - 210g',0,'Heather Brae','','http://fr.openfoodfacts.org/images/products/931/101/520/0561/front.5.400.jpg',22),(6173,'Cookies with Mars',9317857552868,'180g 6 Pack',0,'Mars','','http://fr.openfoodfacts.org/images/products/931/785/755/2868/front.8.400.jpg',22),(6174,'Designer Series Luxury Cream Wafers Vanilla Flavoured Cream',9331275004716,'330 g',0,'Sans marque','','http://fr.openfoodfacts.org/images/products/933/127/500/4716/front.4.400.jpg',22),(6175,'Monster Munch goût Jambon/Fromage (+10% gratuit)',9346271307099,'187 g',0,'vico','','http://fr.openfoodfacts.org/images/products/934/627/130/7099/front.3.400.jpg',22),(6176,'Choc Thins',9400553011477,'200 g',0,'Griffin\'s','','http://fr.openfoodfacts.org/images/products/940/055/301/1477/front.9.400.jpg',22),(6177,'Gingernuts',9400553438786,'250g',0,'Griffin\'s','','http://fr.openfoodfacts.org/images/products/940/055/343/8786/front.9.400.jpg',22),(6847,'Mi Goreng Plat de Nouilles instantanées - 80 g - Mama',8850987131707,'80 g',0,'Mama','','http://fr.openfoodfacts.org/images/products/885/098/713/1707/front.14.400.jpg',18),(6848,'Nouilles instantanées avec goût de canard - 60 g - Mama',8850987141171,'60 g',0,'Mama','','http://fr.openfoodfacts.org/images/products/885/098/714/1171/front.8.400.jpg',18),(6849,'Oriental Style Instant Noodles (Chand Clear Soup) - 55 g',8850987201059,'55 g',0,'Mama,มาม่า','','http://fr.openfoodfacts.org/images/products/885/098/720/1059/front.6.400.jpg',18),(6850,'Oriental Style instant noodles Beef Flavor',8852018101017,'60g',0,'YumYum','','http://fr.openfoodfacts.org/images/products/885/201/810/1017/front.7.400.jpg',18),(6851,'Nouilles chinoises instantanées à l\'orientale goût poulet',8888056603862,'85 g',0,'Koka','','http://fr.openfoodfacts.org/images/products/888/805/660/3862/front.5.400.jpg',18),(6852,'Nouilles chinoises instantanées à l\'orientale goût crabe',8888056605606,'85 g',0,'Koka','','http://fr.openfoodfacts.org/images/products/888/805/660/5606/front.14.400.jpg',18),(6853,'Nouilles chinoises instantanées à l\'orientale goût légumes',8888056708512,'85 g',0,'Koka','','http://fr.openfoodfacts.org/images/products/888/805/670/8512/front.5.400.jpg',18),(6854,'Huong Sen',8934684031239,'65 g (pour 40 cl de soupe)',0,'A-One,Saigon ve wong co.','','http://fr.openfoodfacts.org/images/products/893/468/403/1239/front.8.400.jpg',18),(6855,'Pot au Feu de legumes',9046111357078,'1 L',0,'Liebig','','http://fr.openfoodfacts.org/images/products/904/611/135/7078/front.7.400.jpg',18),(6856,'Mouliné de légumes variés',9046111537807,'',0,'Knorr','','http://fr.openfoodfacts.org/images/products/904/611/153/7807/front.3.400.jpg',18),(6857,'Velouté de potiron ',9073264758797,'500ml',0,'Leader price','','',18),(6858,'Nouilles orientales arôme de boeuf 85 g - Mamee',9555022300009,'85 g',0,'Mamee','','http://fr.openfoodfacts.org/images/products/955/502/230/0009/front.27.400.jpg',18),(6859,'Nouilles orientales arôme de poulet - 85 g - Mamee',9555022300016,'85 g',0,'Mamee','','http://fr.openfoodfacts.org/images/products/955/502/230/0016/front.14.400.jpg',18),(6860,'Nouilles orientales au curry - 85 g - Mamee',9555022300023,'85 g',0,'Mamee','','http://fr.openfoodfacts.org/images/products/955/502/230/0023/front.12.400.jpg',18),(6861,'Nouilles orientales arôme de champignons - 85 g - Mamee',9555022300030,'85 g',0,'Mamee','','http://fr.openfoodfacts.org/images/products/955/502/230/0030/front.6.400.jpg',18),(7535,'Lychees en sirop',9310432001355,'227 g égoutté pour 567 g total',0,'Double phoenix','','http://fr.openfoodfacts.org/images/products/931/043/200/1355/front.8.400.jpg',30),(8780,'Choux de Bruxelles',3250390111467,'265 g Net Egoutté',0,'Saint Eloi','','http://fr.openfoodfacts.org/images/products/325/039/011/1467/front.4.400.jpg',15),(10582,'Lentilles vertes bio',3760091721983,'500 g',0,'Paysans d\'ici','','http://fr.openfoodfacts.org/images/products/376/009/172/1983/front.7.400.jpg',8),(10583,'Lentilles roses',3760091721990,'500 g',0,'Paysans d\'Ici','','http://fr.openfoodfacts.org/images/products/376/009/172/1990/front.5.400.jpg',8),(10585,'Lentilles vertes bio',3760091725219,'500 g',0,'Paysans d\'Ici','','http://fr.openfoodfacts.org/images/products/376/009/172/5219/front.6.400.jpg',8),(10586,'Les pâtes celtes Lentilles corail  Bio',3760099510541,'250 g',0,'Celte et Nature','','http://fr.openfoodfacts.org/images/products/376/009/951/0541/front.4.400.jpg',8),(10854,'graines haricot vert',6922601400321,'454 g',0,'shanghai huipu good','','http://fr.openfoodfacts.org/images/products/692/260/140/0321/front.3.400.jpg',8),(10858,'Houmous Original - 200 g - Kerels',7290014435223,'200 g',0,'Kerels','','http://fr.openfoodfacts.org/images/products/729/001/443/5223/front.6.400.jpg',8),(10864,'Pois Jaunes',7610200026385,'500 g',0,'Migros,M-Classic','','http://fr.openfoodfacts.org/images/products/761/020/002/6385/front.4.400.jpg',8),(10865,'Haricots vert séchés',7610200026729,'100 g',0,'Migros,M-Classic,Delica','','http://fr.openfoodfacts.org/images/products/761/020/002/6729/front.4.400.jpg',8),(10975,'Lentilles vertes',8174790004639,'500 g',0,'Saint eloi','','http://fr.openfoodfacts.org/images/products/817/479/000/4639/front.6.400.jpg',8),(10994,'Pois chiches',8412258303000,'570g',0,'Penelas','','http://fr.openfoodfacts.org/images/products/841/225/830/3000/front.3.400.jpg',8),(10997,'Lenteja extra ',8413080336228,'500 Gr',0,'Gourmet','','',8),(10998,'Lupins',8420403096103,'380 g (200 g égoutté)',0,'Aceitunas-Sarasa','','http://fr.openfoodfacts.org/images/products/842/040/309/6103/front.6.400.jpg',8),(11010,'Lentilles Vertes',8480017017536,'500 g',0,'Dia','','http://fr.openfoodfacts.org/images/products/848/001/701/7536/front.8.400.jpg',8),(11012,'Pizza Poulet Kebab',8480017023827,'450 g',0,'Dia','','http://fr.openfoodfacts.org/images/products/848/001/702/3827/front.6.400.jpg',10),(11018,'Pizza Carbonara',8480017063373,'400 g',0,'Dia','','http://fr.openfoodfacts.org/images/products/848/001/706/3373/front.5.400.jpg',10),(11026,'Bûche de chèvre surgelée cuite au feu de bois',8480017140029,'440 g',0,'Dia','','http://fr.openfoodfacts.org/images/products/848/001/714/0029/front.9.400.jpg',10),(11045,'Forno di pietra 4 Fromages x2',8480017406781,'',0,'Dia','','http://fr.openfoodfacts.org/images/products/848/001/740/6781/front.4.400.jpg',10),(11058,'Pâte fine merveillosa',8501700594957,'335 g',0,'Turini','','',10),(11059,'Lentilles vertes du centre',8501709162553,'500 g',0,'Nos régions ont du talent','','http://fr.openfoodfacts.org/images/products/850/170/916/2553/front.7.400.jpg',8),(11060,'Fraich\'Up Little Italy Veggie Style',8613041768185,'570g',0,'Buitoni','','',10),(11061,'Turkish Delight - 20 pieces',8690620163333,'20 pieces (150 g)',0,'Divan','','http://fr.openfoodfacts.org/images/products/869/062/016/3333/front.8.400.jpg',20),(11081,'Petits pois à l\'étuvée',8717496903914,'400 g',0,'la bio idea','','http://fr.openfoodfacts.org/images/products/871/749/690/3914/front.14.400.jpg',15),(11082,'Haricots verts extra fins',8717496903921,'400g (220g pour le produit égoutté)',0,'La Bio Idea','','http://fr.openfoodfacts.org/images/products/871/749/690/3921/front.9.400.jpg',15),(11083,'Mini Doux et Gourmand',8722700202325,'400 g (210 g égoutté)',0,'Maille','','http://fr.openfoodfacts.org/images/products/872/270/020/2325/front.5.400.jpg',15),(11084,'le Mini Recette Classique 400 g - Maille',8722700430889,'400 g (210 g net égoutté)',0,'Maille','','http://fr.openfoodfacts.org/images/products/872/270/043/0889/front.5.400.jpg',15),(11085,'Haricot noir braisé en sauce de soja',8801005306898,'70 g',0,'Sempio','','http://fr.openfoodfacts.org/images/products/880/100/530/6898/front.6.400.jpg',15),(11087,'Assorted Candies',8850277001949,'67.5 g',0,'HACKS','','http://fr.openfoodfacts.org/images/products/885/027/700/1949/front.3.400.jpg',20),(11088,'Extrait de feuilles de Yanang',8850643009234,'400 ml',0,'Por Kwan','','http://fr.openfoodfacts.org/images/products/885/064/300/9234/front.9.400.jpg',15),(11089,'Kesar Rasbari Barfi',8901414001619,'1 kg',0,'Bikano','','http://fr.openfoodfacts.org/images/products/890/141/400/1619/front.7.400.jpg',20),(11090,'Dragee Keksi Milchschokolade',9000332810941,'165g',0,'Napoli','','',20),(11091,'Oursons d\'or',9002975303736,'175g.',0,'Haribo','','http://fr.openfoodfacts.org/images/products/900/297/530/3736/front.6.400.jpg',20),(11092,'Frischer Blech-Pizzateig',9120003410659,'400 g',0,'Tante Fanny','','http://fr.openfoodfacts.org/images/products/912/000/341/0659/front.5.400.jpg',10),(11094,'Mediterranean Vegetable Ultra Thin Pizza',9310174209477,'310g',0,'Mccain','','http://fr.openfoodfacts.org/images/products/931/017/420/9477/front.9.400.jpg',10),(11095,'Bamboo Shoots Strips',9310432080213,'567 g (300 g égoutté)',0,'Jade Phoenix','','http://fr.openfoodfacts.org/images/products/931/043/208/0213/front.8.400.jpg',15),(11096,'Chicken tandoori pizza',9344378000059,'',0,'','','http://fr.openfoodfacts.org/images/products/934/437/800/0059/front.3.400.jpg',10),(11097,'Stone Baked Fresh Gourmet Pizza - Pumpkin & Pizza',9344378000301,'460g',0,'Della Rosa Traditional Fresh Foods','','http://fr.openfoodfacts.org/images/products/934/437/800/0301/front.6.400.jpg',10),(11098,'Fresh Pizza Mediterranean Lamb',9344378001100,'460g',0,'Della Rosa','','',10),(11099,'Italian Inspired Panini - Tomato & Cheese',9344988000319,'250g',0,'Papa Giuseppis,Dr. Oetker','','http://fr.openfoodfacts.org/images/products/934/498/800/0319/front.6.400.jpg',10),(11100,'Sour Patch Kids',9400550004847,'170 g',0,'Pascall','','http://fr.openfoodfacts.org/images/products/940/055/000/4847/front.5.400.jpg',20),(11101,'Authentic Italian Pizza Bases',9417986936963,'300g',0,'Toscano,Hansells Food Group','','http://fr.openfoodfacts.org/images/products/941/798/693/6963/front.7.400.jpg',10),(12360,'Tendre Noix, à la Broche (2 Tranches)',7613034724458,'80 g',0,'Herta,Nestlé,Tendre Noix','','http://fr.openfoodfacts.org/images/products/761/303/472/4458/front.5.400.jpg',1),(12361,'Tendre Noix, Supérieur Sans Couenne (4 Tranches)',7613034724670,'160 g',0,'Herta,Nestlé,Tendre Noix','','http://fr.openfoodfacts.org/images/products/761/303/472/4670/front.8.400.jpg',1),(12362,'Tendre Noix, Supérieur Sans Couenne (6 Tranches)',7613034724700,'240 g',0,'Herta,Nestlé,Tendre Noix','','http://fr.openfoodfacts.org/images/products/761/303/472/4700/front.18.400.jpg',1),(12363,'Tendre Noix, Supérieur Sans Couenne (4 tranches) Lot de 2 +1 Gratuit',7613034781291,'2 x 160 g + 160 g gratuits = 480 g',0,'Herta,Nestlé,Tendre Noix','','http://fr.openfoodfacts.org/images/products/761/303/478/1291/front.5.400.jpg',1),(12366,'6 Original Knacki, 100 % Pur Porc',7613034897503,'210 g',0,'Herta,Nestlé,Original Knacki','','http://fr.openfoodfacts.org/images/products/761/303/489/7503/front.12.400.jpg',1),(12370,'Le Bon Paris, À l\'Étouffée (4 Tranches)',7613034964120,'180 g ',0,'Herta,Nestlé,Le Bon Paris','','http://fr.openfoodfacts.org/images/products/761/303/496/4120/front.4.400.jpg',1),(12372,'Lardons fumés Herta',7613035336476,'204 g',0,'Herta','','http://fr.openfoodfacts.org/images/products/761/303/533/6476/front.5.400.jpg',1),(12521,'Jambon supérieur (-25% de sel) Découenné et dégraissé',8480017097835,'180 g (4 tranches de 45 g)',0,'Dia','','http://fr.openfoodfacts.org/images/products/848/001/709/7835/front.18.400.jpg',1),(12559,'Saucisses cocktail porc',8714555000232,'400 g',0,'Zwan','','http://fr.openfoodfacts.org/images/products/871/455/500/0232/front.9.400.jpg',1),(12565,'Collection exclusive',8722700093176,'91 g',0,'Unilever,Lipton','','http://fr.openfoodfacts.org/images/products/872/270/009/3176/front.8.400.jpg',19),(12567,'Thé vert classique',8722700129523,'65 g, 50 sachets enveloppés',0,'Lipton,Unilever','','http://fr.openfoodfacts.org/images/products/872/270/012/9523/front.5.400.jpg',19),(12569,'Thé Citron avec écorces de citron',8722700455448,'43,2g',0,'Lipton','','http://fr.openfoodfacts.org/images/products/872/270/045/5448/front.7.400.jpg',19),(12571,'Lipton Ice Tea saveur pêche (format familial - 4 x 1,5 L)',8722700547822,'6 L (4 x 1,5 L)',0,'Lipton,Unilever,Pepsico','','http://fr.openfoodfacts.org/images/products/872/270/054/7822/front.14.400.jpg',19),(12572,'Ice Tea',8722700781479,'1.5 l',0,'Lipton','','http://fr.openfoodfacts.org/images/products/872/270/078/1479/front.3.400.jpg',19),(12573,'Thé vanille caramel',8722700847793,'34 g',0,'Lipton','','http://fr.openfoodfacts.org/images/products/872/270/084/7793/front.7.400.jpg',19),(12574,'Citron tea - Thé au citron',8809059294345,'580',0,'Hosan yujacha','','http://fr.openfoodfacts.org/images/products/880/905/929/4345/front.3.400.jpg',19),(12575,'Thé à la pêche',8888196172211,'',0,'Pokka','','http://fr.openfoodfacts.org/images/products/888/819/617/2211/front.4.400.jpg',19),(12576,'Selezione Oro',9001810003701,'1000 g',0,'Segafredo','','http://fr.openfoodfacts.org/images/products/900/181/000/3701/front.5.400.jpg',19),(12578,'Café soluble ',9214360045163,'',0,'Tradition','','http://fr.openfoodfacts.org/images/products/921/436/004/5163/front.3.400.jpg',19),(12579,'Nescafé',9300605113152,'200 g',0,'Nestlé','','',19),(15091,'Pain complet spécial sandwich ',3338888800007,'600g',0,'St Rolan','','http://fr.openfoodfacts.org/images/products/333/888/880/0007/front.3.400.jpg',34),(15320,'Escalope Milanaise',3435660745706,'310 g (x 4)',0,'Douce France','','',15),(15673,'Pain de mie ',3564700434383,'280 g',0,'Epi d\'Or,Marque Repère','','http://fr.openfoodfacts.org/images/products/356/470/043/4383/front.3.400.jpg',34),(15730,'Pain de mie Extra Moelleux Complet ',3564700733011,'500 g',0,'Epi d\'Or','','http://fr.openfoodfacts.org/images/products/356/470/073/3011/front.11.400.jpg',34),(15732,'Pain de mie Céréales & graines',3564700741818,'500g',0,'Épi d\'or','','http://fr.openfoodfacts.org/images/products/356/470/074/1818/front.3.400.jpg',34),(15869,'Le carré de Mie complet',3596710357642,'Pain de mie',0,'Auchan','','http://fr.openfoodfacts.org/images/products/359/671/035/7642/front.3.400.jpg',34),(16059,'Toastiligne céréales',3760049795479,'500 g',0,'La Boulangère','','http://fr.openfoodfacts.org/images/products/376/004/979/5479/front.3.400.jpg',34),(16681,'Original Bun\'s Jambon Ketchup',8710438014389,'400g',0,'McCain','','http://fr.openfoodfacts.org/images/products/871/043/801/4389/front.5.400.jpg',9),(16684,'Original Bun\'s - Jambon 4 Fromages',8710438057928,'4 x 100g',0,'McCain','','http://fr.openfoodfacts.org/images/products/871/043/805/7928/front.4.400.jpg',9),(16690,'Original Bun\'s Recette Italia',8710438087710,'4x100 g',0,'McCain','','http://fr.openfoodfacts.org/images/products/871/043/808/7710/front.6.400.jpg',9),(16692,'Mini Smile\' Up',8710438089998,'180 g (2x 90 g)',0,'McCain','','',9),(16694,'Original Bun\'s Poulet Rôti & thym',8710438095098,'4x100 g',0,'McCain','','http://fr.openfoodfacts.org/images/products/871/043/809/5098/front.8.400.jpg',9),(16700,'Original Bun\'s Recette Orientale',8710438099591,'4 * 100 g',0,'McCain','','http://fr.openfoodfacts.org/images/products/871/043/809/9591/front.8.400.jpg',9),(16711,'Mini Mexicano',8712057002976,'1,470 kg',0,'De Vries','','',9),(16719,'Les Océanes, 2 Grillades Tomate & Basilic',8722700130109,'250 g',0,'iglo','','http://fr.openfoodfacts.org/images/products/872/270/013/0109/front.10.400.jpg',9),(16720,'Les Océanes Grillade Herbes et Huile d\'Olive 2,3%',8722700130123,'250 g',0,'Iglo','','',9),(16721,'4 Mexicano Escalero',8725200124616,'400 g',0,'Bakx Foods','','http://fr.openfoodfacts.org/images/products/872/520/012/4616/front.8.400.jpg',9),(16725,'2 Meunières Tradition',8782700729987,'250 g',0,'Iglo','','',9),(16726,'Oriental Style instant noodles Chicken Flavour',8852018201021,'70g',0,'YumYum','','http://fr.openfoodfacts.org/images/products/885/201/820/1021/front.8.400.jpg',15),(16727,'Samoussas au poulet',8855702005776,'160 g',0,'Authentic Asia,Charoen Pokphand,CP','','http://fr.openfoodfacts.org/images/products/885/570/200/5776/front.8.400.jpg',9),(16729,'Lay\'s India\'s Magic Masala',8901491101844,'55 g',0,'Lay\'s,PepsiCo','','http://fr.openfoodfacts.org/images/products/890/149/110/1844/front.8.400.jpg',14),(16730,'Spaghetti cacio e pepe, Surgelé',9002181201758,'300 g',0,'Picard','','http://fr.openfoodfacts.org/images/products/900/218/120/1758/front.3.400.jpg',9),(16731,'Paprika Chips',9040400000683,'150 g',0,'Mr. Knabbits','','http://fr.openfoodfacts.org/images/products/904/040/000/0683/front.8.400.jpg',14),(16733,'Chips Nature',9107230000020,'45 g',0,'Lay\'s','','http://fr.openfoodfacts.org/images/products/910/723/000/0020/front.9.400.jpg',14),(16734,'Chips à l\'ancienne Nature',9108930003830,'135 g',0,'Lay\'s','','http://fr.openfoodfacts.org/images/products/910/893/000/3830/front.13.400.jpg',14),(16735,'filet truite',9215113532664,'',0,'Carrefour','','http://fr.openfoodfacts.org/images/products/921/511/353/2664/front.3.400.jpg',15),(16736,'Doritos Roulette',9310015241734,'150g',0,'Doritos,The Smiths Snackfood Company LTD,Pepsico,Frito-Lay','','http://fr.openfoodfacts.org/images/products/931/001/524/1734/front.6.400.jpg',14),(16737,'Nacho Cheese',9310015241918,'170g',0,'Doritos,PepsiCo','','http://fr.openfoodfacts.org/images/products/931/001/524/1918/front.8.400.jpg',14),(16738,'Doritos Cool Ranch flavoured corn chips',9310015241956,'170 g',0,'Doritos','','http://fr.openfoodfacts.org/images/products/931/001/524/1956/front.3.400.jpg',14),(16739,'Beer Batter Chips - Steak Cut',9310174022885,'750g',0,'McCain','','http://fr.openfoodfacts.org/images/products/931/017/402/2885/front.6.400.jpg',14),(16741,'Natural Chip Company Sea Salt & Cracked Pepper',9310988012782,'175g',0,'Natural Chip Company,Snack Brands Australia','','http://fr.openfoodfacts.org/images/products/931/098/801/2782/front.7.400.jpg',14),(16742,'Banana Chips',9324306003765,'300g',0,'Freshlife','','http://fr.openfoodfacts.org/images/products/932/430/600/3765/front.8.400.jpg',14),(19715,'Knacki Gourmande 100% Poulet',7613035145221,'280 g',0,'Herta','','http://fr.openfoodfacts.org/images/products/761/303/514/5221/front.11.400.jpg',3),(19716,'Knacki 100 % poulet',7613035286733,'140 g',0,'Herta','','http://fr.openfoodfacts.org/images/products/761/303/528/6733/front.7.400.jpg',3),(19717,'Knacki 100% poulet',7613035287167,'210 g',0,'Herta,Knacki','','http://fr.openfoodfacts.org/images/products/761/303/528/7167/front.4.400.jpg',3),(19719,'Râpé de poulet',7613035360655,'130 g',0,'Herta','','http://fr.openfoodfacts.org/images/products/761/303/536/0655/front.9.400.jpg',3),(19720,'Le Bon Poulet Rôti',7613035512528,'120 g',0,'Herta,Le Bon Poulet','','',3),(19746,'Filets de carrelets panés, farcis au beurre et à l\'estragon',7613312042809,'360 g',0,'Pelican,Migros','','http://fr.openfoodfacts.org/images/products/761/331/204/2809/front.4.400.jpg',4),(19763,'14 bâtonnets de surimi',7617027870351,'230 g',0,'M-Budget','','http://fr.openfoodfacts.org/images/products/761/702/787/0351/front.5.400.jpg',4),(19765,'Philadelphia Saumon fumé & aneth (10% MG)',7622300745912,'150 g',0,'Philadelphia,Kraft,Kraft Foods,Mondelèz International','','http://fr.openfoodfacts.org/images/products/762/230/074/5912/front.6.400.jpg',4),(19775,'Moelas de frango congeladas',7891515952570,'1 kg',0,'Perdix','','http://fr.openfoodfacts.org/images/products/789/151/595/2570/front.4.400.jpg',3),(19785,'Jambon rôti aux herbes',8005153007236,'120 g',0,'Si Gourmand','','http://fr.openfoodfacts.org/images/products/800/515/300/7236/front.3.400.jpg',2),(19789,'Filet d\'anchois À l\'huile d\'olive',8012666520381,'90 g (égoutté : 50 g)',0,'Terre d\'italia','','http://fr.openfoodfacts.org/images/products/801/266/652/0381/front.5.400.jpg',4),(19799,'Ragout de thon',8410111006471,'250 g',0,'Isabel','','http://fr.openfoodfacts.org/images/products/841/011/100/6471/front.12.400.jpg',4),(19800,'Calmars morceaux à l\'encre',8410205054883,'111 g',0,'Palacio de Oriente','','http://fr.openfoodfacts.org/images/products/841/020/505/4883/front.6.400.jpg',4),(19802,'Pavé de morue salée',8431876232363,'250 g',0,'Carrefour','','http://fr.openfoodfacts.org/images/products/843/187/623/2363/front.4.400.jpg',4),(19803,'Miettes extra de morue salée',8431876232370,'250 g',0,'Carrefour','','http://fr.openfoodfacts.org/images/products/843/187/623/2370/front.4.400.jpg',4),(19808,'Blanc de Poulet doré au Four (Qualité Supérieure) 4 Tranches',8480017020338,'160 g',0,'Dia','','http://fr.openfoodfacts.org/images/products/848/001/702/0338/front.18.400.jpg',3),(19812,'Rillettes de Poulet Rôti en marmite',8480017025203,'220 g ',0,'Dia','','http://fr.openfoodfacts.org/images/products/848/001/702/5203/front.9.400.jpg',3),(19814,'Blanc de Poulet Fumé (Qualité Choix) 4 Tranches',8480017059239,'160 g ',0,'Dia','','http://fr.openfoodfacts.org/images/products/848/001/705/9239/front.7.400.jpg',3),(19815,'Oeufs de Lompe Noir ',8480017070739,'100 g',0,'Dia','','http://fr.openfoodfacts.org/images/products/848/001/707/0739/front.7.400.jpg',4),(19816,'Oeufs de Lompe Rouge',8480017070746,'100 g',0,'Dia','','http://fr.openfoodfacts.org/images/products/848/001/707/0746/front.8.400.jpg',4),(19818,'Blanc de Poulet aux herbes (Qualité Choix) 4 Tranches',8480017116765,'120 g',0,'Dia','','http://fr.openfoodfacts.org/images/products/848/001/711/6765/front.6.400.jpg',3),(19819,'Filet de Poulet Fumé (x 4 Tranches épaisses)',8480017121042,'120 g',0,'Dia','','http://fr.openfoodfacts.org/images/products/848/001/712/1042/front.4.400.jpg',3),(19822,'Yaourt Brassés - Fruits mixés - Sans Morceaux',8480017348319,'1,5 kg [2 x (6 x 125 g)]',0,'Dia','','http://fr.openfoodfacts.org/images/products/848/001/734/8319/front.6.400.jpg',26),(19824,'Yaourts aromatisés Fraise, Framboise, Abricot, Pêche, Vanille',8480017349071,'',0,'Dia','','http://fr.openfoodfacts.org/images/products/848/001/734/9071/front.3.400.jpg',26),(19825,'Bifidus Nature',8480017352637,'125 g',0,'dia','','http://fr.openfoodfacts.org/images/products/848/001/735/2637/front.13.400.jpg',26),(19826,'Yaourts aux Fruits (12 pots)',8480017363374,'1,5 kg [2 x (6 x 125 g)]',0,'Dia','','http://fr.openfoodfacts.org/images/products/848/001/736/3374/front.20.400.jpg',26),(19827,'Yaourt à la Grecque sur lit de fruits (2 Abricots, 2 Pêches)',8480017473349,'600 g [2 x (2 x 150 g)]',0,'Dia','','http://fr.openfoodfacts.org/images/products/848/001/747/3349/front.3.400.jpg',26),(19828,'Bâtonnets de Surimi (24 bâtonnets) 400 g',8480017480514,'400 g (24 bâtonnets)',0,'Dia','','http://fr.openfoodfacts.org/images/products/848/001/748/0514/front.4.400.jpg',4),(19829,'Rillettes de Saumon',8480017540614,'2 x 80 g',0,'Dia','','http://fr.openfoodfacts.org/images/products/848/001/754/0614/front.5.400.jpg',4),(19830,'Rillettes de Thon',8480017540621,'2 x 80 g',0,'Dia','','http://fr.openfoodfacts.org/images/products/848/001/754/0621/front.5.400.jpg',4),(19831,'Lait fermenté sucré au bifidus saveur Vanille (x 8)',8480017715395,'1 kg (8 x 125 g)',0,'Dia','','http://fr.openfoodfacts.org/images/products/848/001/771/5395/front.4.400.jpg',26),(19833,'Yaourt Crémeux aux fruits (Abricot - Pêche - Fraise - Cerise - Cassis - Ananas)',8480017779526,'',0,'Dia','','http://fr.openfoodfacts.org/images/products/848/001/777/9526/front.3.400.jpg',26),(19834,'Yaourts au lait entier de Haute-Savoie sur lit de fruits jaunes',8501709053424,'600gr',0,'Nos Régions ont du Talent','','http://fr.openfoodfacts.org/images/products/850/170/905/3424/front.3.400.jpg',26),(19836,'Mes Nuggets de Poulet sauce barbecue - 57 g - Knorr ',8711200549450,'57 g',0,'Knorr,Unilever','','http://fr.openfoodfacts.org/images/products/871/120/054/9450/front.3.400.jpg',3),(19837,'Marmite de Bouillon - Poisson',8712566274734,'168 g (6 x 28 g)',0,'Knorr','','http://fr.openfoodfacts.org/images/products/871/256/627/4734/front.11.400.jpg',4),(19838,'Yakult Original',8713108000057,'7 * 65 ml (455 ml)',0,'Yakult','','http://fr.openfoodfacts.org/images/products/871/310/800/0057/front.6.400.jpg',26),(19839,'nuoc mam',8850545779990,'720 ml',0,'Tang Sang Hah Co.LTD','','http://fr.openfoodfacts.org/images/products/885/054/577/9990/front.20.400.jpg',4),(19840,'poulet roti',9005004000002,'une unité',0,'Boucheries André','','http://fr.openfoodfacts.org/images/products/900/500/400/0002/front.6.400.jpg',3),(19841,'yaourt noix de coco',9018969000000,'125 g',0,'GAEC Dans le vent,Le lyonnais Monts et coteaux,Douceurs des Monts','','http://fr.openfoodfacts.org/images/products/901/896/900/0000/front.7.400.jpg',26),(19842,'Fruits mixés (Framboise Passion) 4 Pots',9213220082188,'400 g (4 x 100 g)',0,'Sojasun','','http://fr.openfoodfacts.org/images/products/921/322/008/2188/front.8.400.jpg',26),(20112,'Fiji Water',9417574000113,'1 litre',0,'Fiji Water','','http://fr.openfoodfacts.org/images/products/941/757/400/0113/front.5.400.jpg',29),(20296,'Croquants de Cassis',5425033150488,'40 g',0,'Supersec','','http://fr.openfoodfacts.org/images/products/542/503/315/0488/front.6.400.jpg',7),(20298,'Dattes',6132500680018,'1 kg',0,'Zohra,Fekkai-Touati','','http://fr.openfoodfacts.org/images/products/613/250/068/0018/front.6.400.jpg',7),(20299,'Dattes de Tunisie',6191514300107,'1 kg',0,'Nouri','','http://fr.openfoodfacts.org/images/products/619/151/430/0107/front.13.400.jpg',7),(20300,'Dattes Deglet Nour',6194000395106,'500 g',0,'Rapunzel','','http://fr.openfoodfacts.org/images/products/619/400/039/5106/front.3.400.jpg',7),(20302,'Dattes deglet nour',6194012403103,'500g',0,'Dat\'cha','','http://fr.openfoodfacts.org/images/products/619/401/240/3103/front.5.400.jpg',7),(20303,'M-Classic raisins sultanines clair',7610200010377,'300g',0,'Migros,M-Classic,Delica','','http://fr.openfoodfacts.org/images/products/761/020/001/0377/front.7.400.jpg',7),(20305,'Amandes entières',7610818970506,'200 g',0,'Naturaplan,Coop','','http://fr.openfoodfacts.org/images/products/761/081/897/0506/front.8.400.jpg',7),(20306,'Figues grecques',7613269193319,'150g',0,'Migros,Migros-Sélection','','http://fr.openfoodfacts.org/images/products/761/326/919/3319/front.8.400.jpg',7),(20307,'Tranches de mangues BIO',7617027846998,'100 g',0,'Migros,Migros-BIO','','http://fr.openfoodfacts.org/images/products/761/702/784/6998/front.4.400.jpg',7),(20309,'Dried Figs',8680215480006,'300 g',0,'Lale','','http://fr.openfoodfacts.org/images/products/868/021/548/0006/front.8.400.jpg',7),(20310,'Banane sèche',8935000901649,'300 g',0,'Vinawang','','http://fr.openfoodfacts.org/images/products/893/500/090/1649/front.9.400.jpg',7),(20313,'Coeur de laitue format Maxi',3083680482202,'280 g',0,'Bonduelle','','http://fr.openfoodfacts.org/images/products/308/368/048/2202/front.6.400.jpg',6),(20314,'Feuille de chêne rouge',3083680605410,'125 g',0,'Bonduelle','','http://fr.openfoodfacts.org/images/products/308/368/060/5410/front.6.400.jpg',6),(20315,'Carottes Râpées au Citron de Sicile',3083680643542,'180 g',0,'Bonduelle','','',6),(20316,'Mâche & jeunes pousses',3083680903622,'100 g',0,'Bonduelle','','http://fr.openfoodfacts.org/images/products/308/368/090/3622/front.6.400.jpg',6),(20317,'Purée Délice 4 Saveurs',3083680904926,'720 g',0,'Bonduelle','','http://fr.openfoodfacts.org/images/products/308/368/090/4926/front.5.400.jpg',6),(20318,'Endives entières Vapeur Riche en goût',3083680950107,'640 g',0,'Bonduelle','','http://fr.openfoodfacts.org/images/products/308/368/095/0107/front.7.400.jpg',6),(20319,'Mesclun',3083680994606,'145g',0,'bonduelle','','http://fr.openfoodfacts.org/images/products/308/368/099/4606/front.5.400.jpg',6),(20320,'Jeunes Pousses Batavia-Laitue rouge-Romaine - 145 g - Bonduelle',3083680994613,'145 g',0,'Bonduelle','','http://fr.openfoodfacts.org/images/products/308/368/099/4613/front.16.400.jpg',6),(20321,'Carottes râpées',3083681012293,'300 g',0,'Bonduelle','','http://fr.openfoodfacts.org/images/products/308/368/101/2293/front.10.400.jpg',6),(20322,'Bonduelle à poêler',3083681031300,'480g égouté',0,'Bonduelle','','http://fr.openfoodfacts.org/images/products/308/368/103/1300/front.10.400.jpg',6),(20323,'Poêlée rustique la Parisienne',3083681047929,'350 g',0,'Bonduelle','','http://fr.openfoodfacts.org/images/products/308/368/104/7929/front.3.400.jpg',6),(20324,'Légumes du marché Carottes/Haricots Plats/Champignons/Romarin',3083681057676,'350 g',0,'Bonduelle','','http://fr.openfoodfacts.org/images/products/308/368/105/7676/front.5.400.jpg',6),(20325,'Tomates mi-séchées',3083681066098,'120 g',0,'Bonduelle','','',6),(20373,'La Frite du Nord',8710438067385,'2 kg',0,'McCain','','http://fr.openfoodfacts.org/images/products/871/043/806/7385/front.8.400.jpg',11),(20374,'Mini Potato\'up Country',8710438089936,'2 X 90 g',0,'McCain','','http://fr.openfoodfacts.org/images/products/871/043/808/9936/front.6.400.jpg',11),(20375,'Mini Potato\'up Original',8710438090024,'2 X 90 g',0,'McCain','','http://fr.openfoodfacts.org/images/products/871/043/809/0024/front.5.400.jpg',11),(20376,'Mini Rösti',8710438092196,'',0,'McCain','','http://fr.openfoodfacts.org/images/products/871/043/809/2196/front.8.400.jpg',11),(20377,'Frites fraîches Coupe Classique',8710438099041,'450 g',0,'Mc Cain','','http://fr.openfoodfacts.org/images/products/871/043/809/9041/front.8.400.jpg',11),(20378,'Frites Fraîches Coupe Rustique',8710438099102,'450 g',0,'McCain','','http://fr.openfoodfacts.org/images/products/871/043/809/9102/front.6.400.jpg',11),(20379,'McCain just au four',8710438100785,'1.5 kg',0,'McCain','','',11),(20380,'Golden Allumettes',8710438100877,'1 kg',0,'McCain','','http://fr.openfoodfacts.org/images/products/871/043/810/0877/front.7.400.jpg',11),(20381,'Frit\'up',8710438101614,'2 * 90 g',0,'Mc Cain','','',11),(20382,'Instant frites pour le micro-ondes',8710438104097,'2 * 140 g',0,'McCain','','',11),(20383,'Fritessaus Classic XL',8710448691587,'1l',0,'Remia','','http://fr.openfoodfacts.org/images/products/871/044/869/1587/front.4.400.jpg',11),(20384,'Just au Four Classique',8770838064889,'800 g',0,'McCain','','http://fr.openfoodfacts.org/images/products/877/083/806/4889/front.9.400.jpg',11),(20836,'Crème de Vanille',8722700023708,'500 g (1 l)',0,'Carte d\'Or','','http://fr.openfoodfacts.org/images/products/872/270/002/3708/front.3.400.jpg',12),(20837,'Strawberry & White ',8722700054375,'4 * 90 g (360 g) (440 ml)',0,'Magnum,Miko,Unilever','','http://fr.openfoodfacts.org/images/products/872/270/005/4375/front.5.400.jpg',12),(20838,'Magnum Menthe',8722700118497,'352 g, 440 ml',0,'Miko','','http://fr.openfoodfacts.org/images/products/872/270/011/8497/front.22.400.jpg',12),(20840,'Ben & Jerry\'s Strawberry Cheesecake Ice cream',8722700213024,'450 g',0,'Ben & Jerry\'s','','http://fr.openfoodfacts.org/images/products/872/270/021/3024/front.4.400.jpg',12),(20841,'Rhum Raisins Carte d\'Or',8722700218074,'1 l, 500 g',0,'Carte d\'Or,Unilever,Miko','','http://fr.openfoodfacts.org/images/products/872/270/021/8074/front.5.400.jpg',12),(20842,'Carte d\'Or - Les Sensations - Saveur Crème Brûlée au Caramel croquant',8722700219651,'500g, 900mL',0,'Miko,Carte d\'Or,Unilever','','http://fr.openfoodfacts.org/images/products/872/270/021/9651/front.7.400.jpg',12),(20843,'Sorbet Citron Vert',8722700452539,'1 L, 650 g',0,'Carte d\'Or,Unilever,Miko','','http://fr.openfoodfacts.org/images/products/872/270/045/2539/front.19.400.jpg',12),(20946,'Sorbet fruit de la passion',8722700219392,'650 g (1000 ml)',0,'Carte d\'Or,Unilever','','http://fr.openfoodfacts.org/images/products/872/270/021/9392/front.4.400.jpg',12),(20947,'Veganes Nougat-Eis',9100000716572,'480 ml',0,'Spar Veggie','','http://fr.openfoodfacts.org/images/products/910/000/071/6572/front.6.400.jpg',12),(20948,'Chocolate Orange Ice Cream',9300601021574,'1l',0,'Coles','','http://fr.openfoodfacts.org/images/products/930/060/102/1574/front.7.400.jpg',12),(20949,'Streets Blue Ribbon Classic Vanilla',9310016801609,'2 Litre',0,'Streets,Unilever','','http://fr.openfoodfacts.org/images/products/931/001/680/1609/front.5.400.jpg',12),(20950,'Mango & Ice Cream',9310541000515,'4',0,'Wies','','http://fr.openfoodfacts.org/images/products/931/054/100/0515/front.6.400.jpg',12),(20992,'Cake Jambon, Emmental, Olives vertes et noires',3560070946259,'245g',0,'Carrefour','','http://fr.openfoodfacts.org/images/products/356/007/094/6259/front.6.400.jpg',13),(20993,'30 mini-feuilletés',3564700515884,'390 g',0,'Côté Table,Marque Repère','','http://fr.openfoodfacts.org/images/products/356/470/051/5884/front.7.400.jpg',13),(20994,'2 feuilletés croustillants aux légumes du soleil et chèvre surgelés',3576280232150,'2 * 100 g (200 g)',0,'Française de Gastronomie','','http://fr.openfoodfacts.org/images/products/357/628/023/2150/front.7.400.jpg',13),(20995,'Escargots petits gris préparés surgelés',3576280448308,'144 g',0,'Française de Gastronomie','','http://fr.openfoodfacts.org/images/products/357/628/044/8308/front.4.400.jpg',13),(20996,'2 cassolettes surgelées Noix de St Jacques et Fèves sauce Sauternes',3576280630666,'2 * 110 g (220 g)',0,'Française de Gastronomie','','http://fr.openfoodfacts.org/images/products/357/628/063/0666/front.8.400.jpg',13),(20997,'Speed Pocket Jambon Fromage Tomate',3599740008386,'250 g',0,'Findus','','http://fr.openfoodfacts.org/images/products/359/974/000/8386/front.11.400.jpg',13),(20998,'Wrap Poulet Bacon',3599740009765,'2 * 150 g (300 g)',0,'Findus','','http://fr.openfoodfacts.org/images/products/359/974/000/9765/front.8.400.jpg',13),(20999,'Le Kébab Wrap',3760051584320,'320g',0,'France Kebab','','http://fr.openfoodfacts.org/images/products/376/005/158/4320/front.4.400.jpg',13),(21000,'Hacao à la crevette',3760192940283,'200 g',0,'Trèfle','','http://fr.openfoodfacts.org/images/products/376/019/294/0283/front.7.400.jpg',13),(21001,'Coffret variations fromagères, mini feuilletés ',3760197630943,'355 g (30 unités env)',0,'Blini','','http://fr.openfoodfacts.org/images/products/376/019/763/0943/front.6.400.jpg',13),(21002,'2 soufflés au Roquefort',3760197634064,'155 g',0,'Labeyrie','','http://fr.openfoodfacts.org/images/products/376/019/763/4064/front.8.400.jpg',13),(21003,'10 tempura de crevette',5060038581242,'130 g',0,'Apéro\'Prêt','','http://fr.openfoodfacts.org/images/products/506/003/858/1242/front.7.400.jpg',13),(21004,'12 Escargots préparés à la Bourguignonne',5206560002682,'89 g',0,'Delys Escargots,Delys','','',13),(21005,'Piccolinis Tentazione Saumon & Épinards',7613035106482,'9 * 30 g (270 g)',0,'Buitoni','','http://fr.openfoodfacts.org/images/products/761/303/510/6482/front.7.400.jpg',13),(21006,'Escargots à la bourguignonne',7613269296683,'135 g net 89 g',0,'Migros,Pelican','','http://fr.openfoodfacts.org/images/products/761/326/929/6683/front.4.400.jpg',13),(21084,'Curly Cacahuète Pâte à tartiner Crunchy',3336971502036,'340 g',0,'Vico','','http://fr.openfoodfacts.org/images/products/333/697/150/2036/front.3.400.jpg',37),(21086,'Pâte d\'Arachide',3379142201925,'510 g',0,'PSP','','http://fr.openfoodfacts.org/images/products/337/914/220/1925/front.7.400.jpg',37),(21087,'Purée de cacahuète',3390390000160,'700 grammes',0,'Jean Hervé','','http://fr.openfoodfacts.org/images/products/339/039/000/0160/front.3.400.jpg',37),(21088,'purée arachide ',3390390002249,'350 g',0,'ti! bio,Jean Hervé','','http://fr.openfoodfacts.org/images/products/339/039/000/2249/front.3.400.jpg',37),(21119,'Beurre de cacahuète Crunchy',3609760400050,'250 g',0,'123 Bio','','http://fr.openfoodfacts.org/images/products/360/976/040/0050/front.9.400.jpg',37),(21125,'Beurre de cacahuètes',3760020507350,'350 g',0,'Jardin Bio,Léa Nature','','http://fr.openfoodfacts.org/images/products/376/002/050/7350/front.9.400.jpg',37),(21127,'Beurre de cacahuète',3760091721747,'350 g',0,'Ethiquable','','http://fr.openfoodfacts.org/images/products/376/009/172/1747/front.13.400.jpg',37),(21128,'Pâte de cacahuètes',3760091724878,'325 g',0,'Ethiquable','','http://fr.openfoodfacts.org/images/products/376/009/172/4878/front.4.400.jpg',37),(21130,'Beurre de cacahuète ',4006040000563,'500 g',0,'Rapunzel','','http://fr.openfoodfacts.org/images/products/400/604/000/0563/front.5.400.jpg',37),(21131,'Beurre de cacahuète',4006040004974,'250 g',0,'Rapunzel','','http://fr.openfoodfacts.org/images/products/400/604/000/4974/front.16.400.jpg',37),(21143,'Penut Butter',5000214008606,'340 g',0,'DUERR\'S','','http://fr.openfoodfacts.org/images/products/500/021/400/8606/front.3.400.jpg',37),(21144,'Peanut butter',5000214008620,'340 g',0,'Duerr\'s','','http://fr.openfoodfacts.org/images/products/500/021/400/8620/front.6.400.jpg',37),(23740,'Riz long étuvé',8717306700252,'500 g',0,'Sawi','','',16),(23742,'Nocciolata',8823308704508,'',0,'Rigoni di Asiago','','http://fr.openfoodfacts.org/images/products/882/330/870/4508/front.5.400.jpg',21),(23743,'Pâtes Wai Wai - 200 g',8850100206022,'200 g',0,'Wai Wai','','http://fr.openfoodfacts.org/images/products/885/010/020/6022/front.6.400.jpg',16),(23744,'Dutch Mill Selected Coffee Flavour',8851717060205,'200 ml',0,'Dutch Mill','','http://fr.openfoodfacts.org/images/products/885/171/706/0205/front.4.400.jpg',16),(23745,'Vermicelles de riz brun ',8851876200139,'200 g ',0,'Mama','','',16),(23746,'Grüne Curry Paste',8853662001050,'220 g',0,'Exotic Food,Kreyenhop & Kluge','','http://fr.openfoodfacts.org/images/products/885/366/200/1050/front.11.400.jpg',16),(23747,'Nouilles Soba',8853662006833,'300 g',0,'Exotic Food','','http://fr.openfoodfacts.org/images/products/885/366/200/6833/front.5.400.jpg',16),(23748,'Mikochi',8934563168162,'',0,'','','http://fr.openfoodfacts.org/images/products/893/456/316/8162/front.5.400.jpg',16),(23749,'Fusillini N° 37',9002859064210,'500 g',0,'Piacelli','','http://fr.openfoodfacts.org/images/products/900/285/906/4210/front.9.400.jpg',16),(23750,'Crème aux noisettes et au nougat',9002859074875,'400 g',0,'Piacelli','','http://fr.openfoodfacts.org/images/products/900/285/907/4875/front.9.400.jpg',21),(23751,'Pipe rigate',9070902185212,'500g',0,'barilla','','http://fr.openfoodfacts.org/images/products/907/090/218/5212/front.3.400.jpg',16),(23752,'Coquillettes n. 32 ',9234111808076,'1000 g',0,'Barilla','','http://fr.openfoodfacts.org/images/products/923/411/180/8076/front.3.400.jpg',16),(23753,'Smooth Peanut Butter',9300601007851,'375g',0,'Coles','','http://fr.openfoodfacts.org/images/products/930/060/100/7851/front.8.400.jpg',21),(23756,'Pâte feuilletée',9426110074709,'230 g',0,'','','http://fr.openfoodfacts.org/images/products/942/611/007/4709/front.6.400.jpg',16),(23757,'Vermicelles de riz thaï',9556041130684,'200 g',0,'Ayam','','http://fr.openfoodfacts.org/images/products/955/604/113/0684/front.8.400.jpg',16),(23758,'Pâte de curry rouge',9556041612555,'185 g',0,'Ayam','','http://fr.openfoodfacts.org/images/products/955/604/161/2555/front.5.400.jpg',16),(23759,'Pâte de curry vert',9556041780612,'100 g',0,'Ayam','','http://fr.openfoodfacts.org/images/products/955/604/178/0612/front.7.400.jpg',16),(24683,'Fountain Tomato Sauce',9300681008649,'500ml',0,'Fountain','','http://fr.openfoodfacts.org/images/products/930/068/100/8649/front.6.400.jpg',17),(24684,'Real Whole Egg Mayonnaise',9310047211682,'445 g',0,'Edmonds','','http://fr.openfoodfacts.org/images/products/931/004/721/1682/front.7.400.jpg',17),(27142,'Nouille Shrimp Flavour',8852018101055,'60g',0,'yum yum','','http://fr.openfoodfacts.org/images/products/885/201/810/1055/front.15.400.jpg',21),(27143,'Oriental Style Instant Noodles Vegetable Flavour',8852018101062,'60g',0,'YumYum','','http://fr.openfoodfacts.org/images/products/885/201/810/1062/front.16.400.jpg',21),(27144,'Vermicelles de Riz (Bun Gao)',8934563958404,'200 g',0,'Oh Ricey,Acecook Vietnam Joint Stock Compagny','','http://fr.openfoodfacts.org/images/products/893/456/395/8404/front.9.400.jpg',21),(27145,'Vermicelles de riz ',8938504434200,'',0,'Bùn Gao','','',21),(27146,'Pain spécial kebab',9013387000007,'550 g',0,'Boucheries André','','http://fr.openfoodfacts.org/images/products/901/338/700/0007/front.7.400.jpg',21),(27147,'Bebida de arroz ecológica &quot;Joya&quot;',9020200013120,'1 l',0,'Joya,//Propiedad de://,Mona Naturprodukte GmbH','','http://fr.openfoodfacts.org/images/products/902/020/001/3120/front.5.400.jpg',21),(27148,'galettes quinoa & boulghour à la tomate',9175681028111,'200 g',0,'Céréal Bio','','http://fr.openfoodfacts.org/images/products/917/568/102/8111/front.8.400.jpg',21),(27149,'Coco pops',9310055536333,'375g',0,'Kellogg\'s,Coco Pops','','http://fr.openfoodfacts.org/images/products/931/005/553/6333/front.8.400.jpg',21),(27150,'nestum',9556001092533,'500g',0,'nestle','','http://fr.openfoodfacts.org/images/products/955/600/109/2533/front.3.400.jpg',21),(27151,'Nouilles de riz',9556041130677,'200 g',0,'Ayam','','http://fr.openfoodfacts.org/images/products/955/604/113/0677/front.5.400.jpg',21),(27331,'Pâte à gâteau à la farine complète ',7613269207900,'270 g',0,'Anna\'s best','','http://fr.openfoodfacts.org/images/products/761/326/920/7900/front.11.400.jpg',23),(27332,'Farine Fleur',7617027015011,'1 kg',0,'terrasuisse','','http://fr.openfoodfacts.org/images/products/761/702/701/5011/front.16.400.jpg',23),(27333,'mistura para pao de queijo',7891965140558,'250g',0,'hikari','','http://fr.openfoodfacts.org/images/products/789/196/514/0558/front.3.400.jpg',23),(27334,'Préparation biologique pour pain bio sans gluten',8000454400175,'500 g',0,'Moins Filippini','','http://fr.openfoodfacts.org/images/products/800/045/440/0175/front.3.400.jpg',23),(27335,'Mix B Mix Pane',8008698004807,'1kg',0,'Schar','','http://fr.openfoodfacts.org/images/products/800/869/800/4807/front.18.400.jpg',23),(27336,'MixC Mix Pâtisserie',8008698004852,'1 kg',0,'Schär','','http://fr.openfoodfacts.org/images/products/800/869/800/4852/front.9.400.jpg',23),(27337,'Farine sans gluten',8008698005118,'1 kg',0,'Schär','','http://fr.openfoodfacts.org/images/products/800/869/800/5118/front.6.400.jpg',23),(27338,'Paul\'s Quinoa',8112881740349,'150 gr',0,'Farine','','http://fr.openfoodfacts.org/images/products/811/288/174/0349/front.3.400.jpg',23),(27339,'Farine de blé T55',8211414662926,'1 kg',0,'Produits blancs','','http://fr.openfoodfacts.org/images/products/821/141/466/2926/front.3.400.jpg',23),(27340,'Farine de blé bio',8480017008428,'1 kg',0,'Dia','','http://fr.openfoodfacts.org/images/products/848/001/700/8428/front.3.400.jpg',23),(27341,'Farinha de trigo com fermento',8480017126733,'1 kg',0,'Dia','','',23),(27342,'Farine ménagère',8602355130009,'1kg',0,'Bien Vu !','','http://fr.openfoodfacts.org/images/products/860/235/513/0009/front.5.400.jpg',23),(27343,'Fleur de maïs',8712100355981,'700 g',0,'Maizena','','http://fr.openfoodfacts.org/images/products/871/210/035/5981/front.5.400.jpg',23),(27344,'Maizena® Fleur de maïs® - Format familial - 700 g',8718114723938,'700 g',0,'Maizena,Unilever','','http://fr.openfoodfacts.org/images/products/871/811/472/3938/front.4.400.jpg',23),(27814,'Beurre Extra-Fin Doux (82 % MG)',8480017039309,'250 g',0,'Dia','','http://fr.openfoodfacts.org/images/products/848/001/703/9309/front.7.400.jpg',24),(27815,'Beurre moulé doux bio (82% MG)',8480017053305,'250 g',0,'Dia','','http://fr.openfoodfacts.org/images/products/848/001/705/3305/front.12.400.jpg',24),(27816,'Beurre Moulé Doux (82,5 % MG) ',8480017094094,'500 g ',0,'Dia','','http://fr.openfoodfacts.org/images/products/848/001/709/4094/front.19.400.jpg',24),(27817,'Beurre à teneur réduite en matière grasse Doux (60 %)',8480017103901,'',0,'Dia','','http://fr.openfoodfacts.org/images/products/848/001/710/3901/front.7.400.jpg',24),(27818,'Brioche tranchée pur beurre',8480017311498,'500 g',0,'Dia','','http://fr.openfoodfacts.org/images/products/848/001/731/1498/front.4.400.jpg',24),(27819,'Beurre aux cristaux de sel de mer de l\'île de Noirmoutier',8480017480965,'250 g',0,'Dia','','http://fr.openfoodfacts.org/images/products/848/001/748/0965/front.12.400.jpg',24),(27820,'Beurre d\'Isigny doux de baratte',8480017509475,'250 g',0,'Dia','','http://fr.openfoodfacts.org/images/products/848/001/750/9475/front.10.400.jpg',24),(27821,'Beurre Extra-fin doux',8501700014493,'250 g',0,'Les Croisés','','',24),(27822,'Beurre fin non salé - Père Noël',8710737000724,'100 g',0,'','','http://fr.openfoodfacts.org/images/products/871/073/700/0724/front.6.400.jpg',24),(27823,'Bertoli',8712100358135,'225 gr',0,'Bertoli','','http://fr.openfoodfacts.org/images/products/871/210/035/8135/front.4.400.jpg',24),(27824,'ProActiv',8712100861765,'250 g',0,'Fruit D\'or','','',24),(27825,'Beurre de noix mélangées - BioWise - 250 g',8719153005542,'250 g',0,'BioWise','','http://fr.openfoodfacts.org/images/products/871/915/300/5542/front.3.400.jpg',24),(27826,'Le beurre tendre',9411190988671,'',0,'Elle & Vire','','http://fr.openfoodfacts.org/images/products/941/119/098/8671/front.3.400.jpg',24),(29609,'Leerdammer ® Original (27,5% MG)',8721800080666,'350 g (14 tranches)',0,'Leerdammer,Bel','','http://fr.openfoodfacts.org/images/products/872/180/008/0666/front.11.400.jpg',25),(29610,'Leerdammer Original (27,5% MG)',8721800081335,'250 g - 10 Tranches',0,'Bel','','http://fr.openfoodfacts.org/images/products/872/180/008/1335/front.6.400.jpg',25),(29611,'Leerdammer ® Original (27,5% MG) - 8 Tranches - 200 g',8721800081625,'200 g',0,'Leerdammer,Bel','','http://fr.openfoodfacts.org/images/products/872/180/008/1625/front.5.400.jpg',25),(29612,'Leerdammer Original',8721800082417,'350 g',0,'Leerdammer','','http://fr.openfoodfacts.org/images/products/872/180/008/2417/front.9.400.jpg',25),(29613,'Original râpé',8721800084756,'200 g',0,'Leerdammer','','http://fr.openfoodfacts.org/images/products/872/180/008/4756/front.5.400.jpg',25),(29614,'Roquefort AOP ',9073160001355,'150 g',0,'Société','','http://fr.openfoodfacts.org/images/products/907/316/000/1355/front.15.400.jpg',25),(29615,'La Brique ',9215111692834,'200 g',0,'Carrefour','','http://fr.openfoodfacts.org/images/products/921/511/169/2834/front.10.400.jpg',25),(30494,'Top Selección Jamón Ibérico 100 g & Paleta Ibérica 100 g Bellota',8436030138505,'200 g (2 x 100 g)',0,'Bellota','','http://fr.openfoodfacts.org/images/products/843/603/013/8505/front.5.400.jpg',27),(30495,'Chiffonnade Jambon Serrano',8436045040015,'100 g',0,'Casa Ramon','','',27),(30496,'Jambon Serrano',8436045040053,'100 g',0,'Casa Ramon','','',27),(30497,'Jambon Serrano',8437001798902,'50 g',0,'Joada','','http://fr.openfoodfacts.org/images/products/843/700/179/8902/front.5.400.jpg',27),(30498,'Speck italien fumé',8480017032829,'80 g',0,'Dia','','http://fr.openfoodfacts.org/images/products/848/001/703/2829/front.3.400.jpg',27),(30499,'Jambon cuit supérieur avec couenne',8480017035394,'240g',0,'Dia','','http://fr.openfoodfacts.org/images/products/848/001/703/5394/front.4.400.jpg',27),(30500,'Jambon Cuit Supérieur avec couenne Dia 4 tranches',8480017037831,'200 g',0,'Dia','','http://fr.openfoodfacts.org/images/products/848/001/703/7831/front.3.400.jpg',27),(30501,'Jambon cru allégé en mg Dia',8480017089229,'175 g',0,'Dia','','http://fr.openfoodfacts.org/images/products/848/001/708/9229/front.7.400.jpg',27),(30502,'Jambon serrano',8480017103703,'90g',0,'Dia','','http://fr.openfoodfacts.org/images/products/848/001/710/3703/front.6.400.jpg',27),(30503,'Jambon cuit supérieur AC, fumé bois de hêtre',8480017119476,'200g en 4 tranche',0,'Dia,Paul Predault','','http://fr.openfoodfacts.org/images/products/848/001/711/9476/front.6.400.jpg',27),(30504,'Jambon sec italien',8480017348753,'100 g',0,'Dia','','http://fr.openfoodfacts.org/images/products/848/001/734/8753/front.12.400.jpg',27),(30505,'Jambon supérieur découenné et dégraissé',8480017350923,'200 g ',0,'Dia','','http://fr.openfoodfacts.org/images/products/848/001/735/0923/front.6.400.jpg',27),(30506,'Jambon cru fumé de la Forêt Noire Dia',8480017618337,'150 g',0,'Dia','','http://fr.openfoodfacts.org/images/products/848/001/761/8337/front.3.400.jpg',27),(30507,'Jambon sec',8480017726926,'150 g',0,'Dia','','http://fr.openfoodfacts.org/images/products/848/001/772/6926/front.3.400.jpg',27),(30508,'Jambon',9008684001871,'100g',0,'','','http://fr.openfoodfacts.org/images/products/900/868/400/1871/front.6.400.jpg',27),(30541,'Salade de Supions à l\'Huile',3760019713328,'170 g',0,'La Gastronomia di Angelo,Treo','','',28),(30542,'Salade de Poulpes aux olives',3760089331552,'200 g',0,'Palais des Mets','','',28),(30543,'Chèvre Lardon sauce bulgare',4462011856704,'280 g',0,'Daunat','','http://fr.openfoodfacts.org/images/products/446/201/185/6704/front.3.400.jpg',28),(30544,'Thunfischsalat Western mit mais, Karotten und erbsen',5000171054548,'160 g',0,'John West','','http://fr.openfoodfacts.org/images/products/500/017/105/4548/front.6.400.jpg',28),(30574,'Carottes râpées aux échalotes et ciboulette',3700009240748,'400 g',0,'Sans marque','','http://fr.openfoodfacts.org/images/products/370/000/924/0748/front.4.400.jpg',28),(30575,'Carottes râpées',5400247032041,'500 g',0,'Winny','','http://fr.openfoodfacts.org/images/products/540/024/703/2041/front.3.400.jpg',28),(31317,'Lait de Coco',8851613101385,'500ml',0,'Aroy-D','','http://fr.openfoodfacts.org/images/products/885/161/310/1385/front.12.400.jpg',29),(31318,'Lait de coco',8852634051000,'400 ml',0,'CAP TROPICAL','','http://fr.openfoodfacts.org/images/products/885/263/405/1000/front.3.400.jpg',29),(31320,'Lait de coco',8858135000059,'250 ml',0,'Real Thai','','http://fr.openfoodfacts.org/images/products/885/813/500/0059/front.5.400.jpg',29),(31321,'Lait de coco',8858135000974,'1000 ml',0,'Real Thai','','http://fr.openfoodfacts.org/images/products/885/813/500/0974/front.5.400.jpg',29),(31322,'Lait de Coco Fluide',8886303210238,'200 ml',0,'Kara','','http://fr.openfoodfacts.org/images/products/888/630/321/0238/front.10.400.jpg',29),(31323,'lait de coco',8886303210535,'500 ml',0,'Kara','','http://fr.openfoodfacts.org/images/products/888/630/321/0535/front.7.400.jpg',29),(31324,'Lait de coco UHT CLASSIC',8886303870838,'200 ml',0,'Kara','','http://fr.openfoodfacts.org/images/products/888/630/387/0838/front.5.400.jpg',29),(31325,'Candia GrandLait',9501100460042,'1 l',0,'Candia','','http://fr.openfoodfacts.org/images/products/950/110/046/0042/front.6.400.jpg',29),(31326,'Lait de Coco',9556041608251,'200 ml',0,'Ayam','','http://fr.openfoodfacts.org/images/products/955/604/160/8251/front.7.400.jpg',29),(31338,'12 crevettes apéritives',1270568833245,'180g',0,'Picard','','http://fr.openfoodfacts.org/images/products/127/056/883/3245/front.16.400.jpg',4),(31339,'Délice au crabe et au homard',1321035005112,'125 g',0,'Kritsen','','http://fr.openfoodfacts.org/images/products/132/103/500/5112/front.8.400.jpg',4),(31375,'pizza mediterranea',2000000016687,'430g',0,'Hacendado','','http://fr.openfoodfacts.org/images/products/200/000/001/6687/front.5.400.jpg',10),(31418,'Banane Cavendish Martinique',2227683003540,'494 g',0,'Pays de Guadeloupe','','http://fr.openfoodfacts.org/images/products/222/768/300/3540/front.7.400.jpg',5),(31429,'Banane Cavendish',2405091007088,'0,776 kg',0,'Sans marque','','http://fr.openfoodfacts.org/images/products/240/509/100/7088/front.3.400.jpg',5),(31430,'Banane Cavendish',2405091007156,'0,784 kg',0,'Sans marque','','',5),(31432,'Bananes',2405091012006,'1,32 kg',0,'No brand','','',5),(31445,'Bananes',2860194006107,'937 g',0,'Eco+','','http://fr.openfoodfacts.org/images/products/286/019/400/6107/front.3.400.jpg',5),(31703,'Les Lactés Framboise',3041090981654,'4 * 100 g',0,'Blédina','','http://fr.openfoodfacts.org/images/products/304/109/098/1654/front.6.400.jpg',37),(31706,'L\'aubergine sa tomate et ses petites pâtes',3041090994074,'190g',0,'bledina,danone,Mes amis légumes','','http://fr.openfoodfacts.org/images/products/304/109/099/4074/front.3.400.jpg',37),(31707,'Le navet, ses pommes de terre et son boeuf',3041090994081,'190g',0,'Blédina,Mes amis légumes,Danone','','',37),(31708,'Mes amis légumes (La Tomate son riz & son cabillaud)',3041090994104,'190 g',0,'Blédina,Danone','','http://fr.openfoodfacts.org/images/products/304/109/099/4104/front.6.400.jpg',37),(31709,'Blédichef Douceur d\'artichaut et Pomme de terre',3041090999017,'2 * 230 g (460 g)',0,'Blédina,Danone','','http://fr.openfoodfacts.org/images/products/304/109/099/9017/front.8.400.jpg',37),(31710,'Blédichef Risotto aux Petits pois et Carottes',3041090999024,'2 * 230 g (460 g)',0,'Blédina,Danone','','http://fr.openfoodfacts.org/images/products/304/109/099/9024/front.6.400.jpg',37),(31711,'Blédichef Mousseline de légumes et patate douce',3041090999314,'250 g',0,'Blédina,Danone','','http://fr.openfoodfacts.org/images/products/304/109/099/9314/front.4.400.jpg',37),(31712,'Blédichef Légumes, Pâtes et Cabillaud façon Beurre blanc',3041090999321,'260 g',0,'Blédina,Danone','','http://fr.openfoodfacts.org/images/products/304/109/099/9321/front.4.400.jpg',37),(31713,'Idées de maman - purée de panais merlu blanc',3041091001627,'400 g (2 * 200 g)',0,'Bledina','','http://fr.openfoodfacts.org/images/products/304/109/100/1627/front.8.400.jpg',37),(31714,'Blédîner Douceur d\'Artichaut Petits Légumes et Riz',3041091011947,'2 * 200 g (400 g)',0,'Blédina','','http://fr.openfoodfacts.org/images/products/304/109/101/1947/front.6.400.jpg',37),(31746,'Abricots moelleux',3068230004097,'500 g',0,'Sun','','http://fr.openfoodfacts.org/images/products/306/823/000/4097/front.11.400.jpg',7),(31812,'Le Supérieur -25% de sel',3095757370015,'160 g (4 tranches)',0,'Fleury Michon','','http://fr.openfoodfacts.org/images/products/309/575/737/0015/front.3.400.jpg',27),(31985,'&quot;La perruche&quot; Cassonade douce & croquante',3174660095274,'1 Kg.',0,'Béghin Say','','http://fr.openfoodfacts.org/images/products/317/466/009/5274/front.3.400.jpg',23),(32056,'Bananes séchées',3180840008224,'250 g',0,'Maître Prunille','','',7),(32143,'Crêpes beurrées sucrées &quot;à la cassonade&quot; ',3218938800006,'285 g (8 crêpes)',0,'Paysan breton','','http://fr.openfoodfacts.org/images/products/321/893/880/0006/front.3.400.jpg',23),(32145,'Cassonade',3220035210008,'1 kg',0,'Saint Louis','','http://fr.openfoodfacts.org/images/products/322/003/521/0008/front.8.400.jpg',23),(32146,'cassonade',3220035228003,'',0,'Saint Louis','','http://fr.openfoodfacts.org/images/products/322/003/522/8003/front.3.400.jpg',23),(32147,'Cassonade',3220035410002,'500 g',0,'Saint Louis','','http://fr.openfoodfacts.org/images/products/322/003/541/0002/front.3.400.jpg',23),(32167,'Abricots moelleux',3222471300046,'250 g',0,'Casino','','http://fr.openfoodfacts.org/images/products/322/247/130/0046/front.3.400.jpg',7),(32195,'Cordons bleus de dinde',3222472621201,'400 g',0,'Casino','','http://fr.openfoodfacts.org/images/products/322/247/262/1201/front.6.400.jpg',3),(32491,'2 Cordons Bleus de Dinde',3250390318491,'200 g',0,'Volaé','','http://fr.openfoodfacts.org/images/products/325/039/031/8491/front.3.400.jpg',3),(32667,'Oeufs Bio fermiers ',3251320021238,'12',0,'Loué','','http://fr.openfoodfacts.org/images/products/325/132/002/1238/front.3.400.jpg',24),(32668,'4 oeufs fermiers gros',3251320080419,'4',0,'Loué','','http://fr.openfoodfacts.org/images/products/325/132/008/0419/front.5.400.jpg',24),(32669,'6 Œufs fermiers (gros) de Loué',3251320080617,'6',0,'Loué','','http://fr.openfoodfacts.org/images/products/325/132/008/0617/front.11.400.jpg',24),(32670,'Oeufs fermiers',3251320080914,'10 Oeufs calibre petit',0,'Oeufs fermiers de Loué','','http://fr.openfoodfacts.org/images/products/325/132/008/0914/front.5.400.jpg',24),(32671,'Œufs fermiers de loué',3251320081249,'12 œufs',0,'Loué','','http://fr.openfoodfacts.org/images/products/325/132/008/1249/front.5.400.jpg',24),(32672,'œufs fermiers ',3251320081843,'18 oeufs',0,'Loué','','http://fr.openfoodfacts.org/images/products/325/132/008/1843/front.7.400.jpg',24),(32857,'Bonbons saveur menthe eucalyptus',3256223976739,'300g',0,'U','','http://fr.openfoodfacts.org/images/products/325/622/397/6739/front.6.400.jpg',20),(32918,'Kid Smile',3256830000018,'750 g',0,'McCain','','http://fr.openfoodfacts.org/images/products/325/683/000/0018/front.6.400.jpg',11),(32926,'Abricots moelleux',3257980112088,'250 g',0,'Cora','','http://fr.openfoodfacts.org/images/products/325/798/011/2088/front.7.400.jpg',7),(32971,'Croissants pur beurre surgelé',3257982052405,'6 * 60 g (360 g)',0,'Cora','','http://fr.openfoodfacts.org/images/products/325/798/205/2405/front.3.400.jpg',36),(33028,'Tartelette au Citron de Sicile',3258563420897,'160 g (2 * 80 g)',0,'Les Délices de Belle France,Belle France','','http://fr.openfoodfacts.org/images/products/325/856/342/0897/front.7.400.jpg',35),(33080,'Sucre roux de canne en poudre',3263850011313,'1 kg',0,'Leader Price','','http://fr.openfoodfacts.org/images/products/326/385/001/1313/front.3.400.jpg',23),(33086,'Penne',3263850512612,'500 g',0,'Leader Price','','http://fr.openfoodfacts.org/images/products/326/385/051/2612/front.3.400.jpg',16),(33116,'Pois chiches',3263850781490,'1 kg',0,'Leader Price','','',8),(33122,'Pois chiches',3263851378415,'400 g, 265 g net égoutté, 425 ml',0,'Leader Price','','http://fr.openfoodfacts.org/images/products/326/385/137/8415/front.18.400.jpg',8),(33124,'Pois chiches',3263851446619,'660g, 720ml (420g egoutté)',0,'Fraîcheur du Jardin,Leader Price','','http://fr.openfoodfacts.org/images/products/326/385/144/6619/front.8.400.jpg',8),(33260,'Baguette de campagne',3263859932114,'240 g',0,'Leader Price,Bridor','','http://fr.openfoodfacts.org/images/products/326/385/993/2114/front.5.400.jpg',34),(33261,'Assiette Pic Nic',3264056099204,'180 g',0,'Berni','','http://fr.openfoodfacts.org/images/products/326/405/609/9204/front.8.400.jpg',27),(33290,'Les Maxis Cordon bleu de Dinde',3266980133573,'1 kg',0,'Le gaulois','','http://fr.openfoodfacts.org/images/products/326/698/013/3573/front.3.400.jpg',3),(33291,'Escalopes de dinde fermière fines',3266980325640,'0,240 kg',0,'Loué','','http://fr.openfoodfacts.org/images/products/326/698/032/5640/front.4.400.jpg',3),(33292,'Pané façon Crêpe Jambon de dinde Fromage',3266980785871,'200 g',0,'Le Gaulois','','http://fr.openfoodfacts.org/images/products/326/698/078/5871/front.6.400.jpg',27),(33314,'Croissants pur beurre surgelés prêts à cuire',3270160366781,'550 g',0,'Picard','','http://fr.openfoodfacts.org/images/products/327/016/036/6781/front.3.400.jpg',36),(33427,'Bûchette sésame',3276550191827,'250 g',0,'Carrefour','','http://fr.openfoodfacts.org/images/products/327/655/019/1827/front.3.400.jpg',34),(33428,'Baguette campagnarde',3276558853451,'250 g',0,'Carrefour','','http://fr.openfoodfacts.org/images/products/327/655/885/3451/front.6.400.jpg',34),(33517,'Baguette Tradition',3289664490007,'',0,'','','http://fr.openfoodfacts.org/images/products/328/966/449/0007/front.4.400.jpg',34),(33655,'Bananes Freyssinette',3347761000021,'500g',0,'Fruidor Rungis','','http://fr.openfoodfacts.org/images/products/334/776/100/0021/front.3.400.jpg',5),(33656,'La Banane Française',3347761000663,'5 fruits',0,'Banane de Guadeloupe & Martinique,Fruidor','','http://fr.openfoodfacts.org/images/products/334/776/100/0663/front.4.400.jpg',5),(33663,'Cordons bleus de dinde',3350030141240,'200 g',0,'Monoprix','','http://fr.openfoodfacts.org/images/products/335/003/014/1240/front.8.400.jpg',3),(33727,'Jambon sec des Pyrénées',3350033186439,'100 g',0,'Monoprix gourmet,Monoprix','','http://fr.openfoodfacts.org/images/products/335/003/318/6439/front.3.400.jpg',27),(33732,'Tartelette aux framboises',3350033221185,'2 x 80 g',0,'Monoprix,Monoprix Gourmet','','http://fr.openfoodfacts.org/images/products/335/003/322/1185/front.7.400.jpg',35),(33733,'Tartelette Pomme',3350033255906,'130 g',0,'monop\'daily','','http://fr.openfoodfacts.org/images/products/335/003/325/5906/front.9.400.jpg',35),(33746,'Pois chiches du Lauragais',3353661111187,'500 grammes',0,'Arterris','','http://fr.openfoodfacts.org/images/products/335/366/111/1187/front.3.400.jpg',8),(33750,'Abricots moelleux',3361291955026,'250 g',0,'Pruni','','http://fr.openfoodfacts.org/images/products/336/129/195/5026/front.7.400.jpg',7),(33822,'Pois chiches',3380390204408,'500 g',0,'Primeal','','',8),(33823,'Pois chiches',3380390224408,'500 g',0,'Priméal','','http://fr.openfoodfacts.org/images/products/338/039/022/4408/front.4.400.jpg',8),(33850,'Croissants (x 4) ',3392590202399,'240 g',0,'Croustipate','','http://fr.openfoodfacts.org/images/products/339/259/020/2399/front.8.400.jpg',36),(33917,'Pois chiches Bio',3421557108365,'500 g',0,'Corab,Grillon d\'or,biocoop','','http://fr.openfoodfacts.org/images/products/342/155/710/8365/front.4.400.jpg',8),(33923,'4 Tartelettes Myrtilles épeautre',3423720012028,'200 g',0,'biosoleil','','http://fr.openfoodfacts.org/images/products/342/372/001/2028/front.3.400.jpg',35),(33926,'Beurre tourage 84%',3428200307090,'2 kg',0,'Président Professionnel','','',24),(33948,'Terrine de Canard aux deux olives',3432770032597,'',0,'Duché de la Loue','','http://fr.openfoodfacts.org/images/products/343/277/003/2597/front.4.400.jpg',3),(34078,'Blé à Poêler Persillade',3487400000958,'250 g',0,'Ebly','','http://fr.openfoodfacts.org/images/products/348/740/000/0958/front.8.400.jpg',16),(34079,'Tendre Blé ',3487400011367,'1 kg',0,'Ebly','','http://fr.openfoodfacts.org/images/products/348/740/001/1367/front.9.400.jpg',16),(34176,'Bananes',3523680236738,'6',0,'Sans marque,Lion d\'Or','','http://fr.openfoodfacts.org/images/products/352/368/023/6738/front.4.400.jpg',5),(34229,'Pois chiches',3560070273546,'265 g',0,'Carrefour','','http://fr.openfoodfacts.org/images/products/356/007/027/3546/front.27.400.jpg',8),(34233,'Spaghetti',3560070328888,'1 kg',0,'Carrefour,Groupe Carrefour','','http://fr.openfoodfacts.org/images/products/356/007/032/8888/front.12.400.jpg',16),(34234,'Pasta Coquillettes ',3560070328918,'1 kg',0,'Carrefour,CMI (Carrefour Marchandises Internationales),Groupe Carrefour','','http://fr.openfoodfacts.org/images/products/356/007/032/8918/front.21.400.jpg',16),(34253,'Croissants précuits (x 6)',3560070400126,'300 g (6 croissants)',0,'No Gluten,Carrefour','','http://fr.openfoodfacts.org/images/products/356/007/040/0126/front.10.400.jpg',36),(34283,'Pasta Penne Rigate (9 min Al dente)',3560070555390,'500 g',0,'Carrefour','','http://fr.openfoodfacts.org/images/products/356/007/055/5390/front.5.400.jpg',16),(34296,'Tartelette au citron de Sicile sur pâte croustillante',3560070607198,'160 g (2 x 80 g)',0,'Carrefour Sélection,CMI (Carrefour Marchandises Internationales),Groupe Carrefour','','http://fr.openfoodfacts.org/images/products/356/007/060/7198/front.24.400.jpg',35),(34313,'Cordon bleu de volaille',3560070731077,'2 * 500 g',0,'Carrefour Discount','','',3),(34378,'Tartelette à la framboise',3560071008109,'160 g',0,'Carrefour','','',35),(34433,'12 croissants',3564700345511,'480 g',0,'Épi d\'Or,Marque Repère','','http://fr.openfoodfacts.org/images/products/356/470/034/5511/front.3.400.jpg',36),(34464,'Torsades Nature, Tomate et Epinards',3564700471609,'500 g',0,'Turini,Marque Repère','','',16),(34573,'Abricots moelleux Bio Marque Repère',3564707098908,'250 g',0,'Marque Repère,BIO village','','http://fr.openfoodfacts.org/images/products/356/470/709/8908/front.5.400.jpg',7),(34619,'Abricots moelleux',3595120005310,'250 g',0,'Maison Roucadil,Bio source','','http://fr.openfoodfacts.org/images/products/359/512/000/5310/front.3.400.jpg',7),(34624,'Cordons bleus dinde',3596690310088,'400 g (4 * 100 g)',0,'Père Dodu','','http://fr.openfoodfacts.org/images/products/359/669/031/0088/front.3.400.jpg',3),(34716,'tartelette abricot sans gluten',3596710389858,'165 g',0,'Auchan','','http://fr.openfoodfacts.org/images/products/359/671/038/9858/front.3.400.jpg',35),(34720,'Lasagnes ',3596710396689,'500 g',0,'Auchan','','',16),(34732,'Saucisson sec pur porc',3596710407095,'200 g',0,'Pouce,Auchan','','http://fr.openfoodfacts.org/images/products/359/671/040/7095/front.4.400.jpg',1),(34754,'Velouté légumes verts et pointe de crème fraîche',3599740009567,'900 g',0,'Findus','','http://fr.openfoodfacts.org/images/products/359/974/000/9567/front.4.400.jpg',18),(34769,'Andros Soupe de fraises',3608580003199,'500g',0,'Andros','','http://fr.openfoodfacts.org/images/products/360/858/000/3199/front.10.400.jpg',18),(34785,'Préparation pour sandwich Thon germon, poivrons, maïs, haricots rouges',3660088132191,'115 g',0,'Conserverie La belle-iloise','','',28),(34832,'Abricots moelleux',3660992000777,'500 g',0,'bien vu','','http://fr.openfoodfacts.org/images/products/366/099/200/0777/front.17.400.jpg',7),(34861,'Taboulé',3700009217863,'',0,'','','',28),(34862,'Taboulé à la menthe',3700009240786,'200 g',0,'Mix\'Buffet','','http://fr.openfoodfacts.org/images/products/370/000/924/0786/front.5.400.jpg',28),(34868,'Taboulé aux légumes frais',3700036900202,'200 g',0,'Naturalia','','http://fr.openfoodfacts.org/images/products/370/003/690/0202/front.3.400.jpg',28),(34875,'Cordon bleu de dinde Halal cuit',3700141401021,'1 kg',0,'El Saada','','http://fr.openfoodfacts.org/images/products/370/014/140/1021/front.4.400.jpg',3),(34879,'Pois chiches',3700225117084,'500 g',0,'Grain de Vitalité','','',8),(34967,'Baguette prélevain',3760044430702,'220 g',0,'Max Poilâne','','http://fr.openfoodfacts.org/images/products/376/004/443/0702/front.5.400.jpg',34),(34974,'Madeleinettes nature',3760050920471,'200 g',0,'la Biscuiterie Antillaise','','http://fr.openfoodfacts.org/images/products/376/005/092/0471/front.9.400.jpg',22),(34977,'Pois chiches à la marocaine',3760052231698,'380 g',0,'Le bonheur est dans le pot','','http://fr.openfoodfacts.org/images/products/376/005/223/1698/front.5.400.jpg',8),(34997,'Bonbons cravatte',3760076520020,'240 g',0,'Confiserie Hoarau','','http://fr.openfoodfacts.org/images/products/376/007/652/0020/front.4.400.jpg',20),(35037,'Madeleinettes',3760105568634,'400 g',0,'Pati d\'Or','','http://fr.openfoodfacts.org/images/products/376/010/556/8634/front.5.400.jpg',22),(35071,'Abricots Moelleux Bio Fructivia - Sachet 200g',3760159372539,'200 g',0,'FRUCTIVIA','','',7),(35078,'baguette 10 céréales',3760178370028,'1',0,'Super U','','http://fr.openfoodfacts.org/images/products/376/017/837/0028/front.9.400.jpg',34),(35120,'Le Gros Sec',3760238430730,'120 g',0,'Arabi','','',1),(35176,'Haribo Goldbären',4001686301326,'300 g',0,'Haribo','','http://fr.openfoodfacts.org/images/products/400/168/630/1326/front.7.400.jpg',20),(35177,'Haribo Goldbären',4001686301555,'100 g',0,'Haribo','','http://fr.openfoodfacts.org/images/products/400/168/630/1555/front.3.400.jpg',20),(35178,'Gevulde Bramen',4001686375495,'450 g',0,'Haribo','','http://fr.openfoodfacts.org/images/products/400/168/637/5495/front.5.400.jpg',20),(35179,'Haribo Saft Goldbären',4001686386613,'175 g',0,'Haribo','','http://fr.openfoodfacts.org/images/products/400/168/638/6613/front.3.400.jpg',20),(35180,'Haribo Saft-Goldbären',4001686386941,'',0,'Haribo','','',20),(35181,'Phantasia',4001686390542,'1000 g',0,'Haribo','','',20),(35182,'Phantasia',4001686390870,'360 g',0,'Haribo','','http://fr.openfoodfacts.org/images/products/400/168/639/0870/front.3.400.jpg',20),(35213,'Chips de pommes',4008258410011,'60 g ',0,'Seeberger','','http://fr.openfoodfacts.org/images/products/400/825/841/0011/front.3.400.jpg',14),(35219,'Cornichons spécial sandwich aigres-doux',4012200401019,'330 g - 185 g égoutté',0,'Kühne','','http://fr.openfoodfacts.org/images/products/401/220/040/1019/front.10.400.jpg',28),(35230,'Asia Krupuk',4031446820453,'100 g',0,'XOX,XOX Snack','','',14),(35238,'Mon Dîner Bonne Nuit Soupe Légumes verts Petites pâtes',4062300185746,'2 * 250 ml (500 ml)',0,'HiPP,HiPP biologique','','http://fr.openfoodfacts.org/images/products/406/230/018/5746/front.8.400.jpg',18),(35239,'Soupe 6 légumes Semoule',4062300185777,'2 * 250 ml',0,'HiPP,HiPP Biologique','','http://fr.openfoodfacts.org/images/products/406/230/018/5777/front.6.400.jpg',18),(35245,'Kinder-Hörnchen',4101540709289,'48 g',0,'KuchenMeister','','',36),(35246,'4 Kinder-Hörnchen',4101540710377,'192 g',0,'KuchenMeister','','',36),(35257,'Cassonade',4182277870008,'1kg',0,'Saint louis','','http://fr.openfoodfacts.org/images/products/418/227/787/0008/front.7.400.jpg',23),(35258,'BiFi Cigare Bierworst',4251097400136,'30 g',0,'BiFi','','',1),(35261,'Pizzaschmelz',4260296930023,'500 g.',0,'Wilmersburger','','http://fr.openfoodfacts.org/images/products/426/029/693/0023/front.3.400.jpg',10),(35271,'Bierschinken',4335896157832,'200g',0,'K Classic','','http://fr.openfoodfacts.org/images/products/433/589/615/7832/front.3.400.jpg',27),(35347,'Grey Goose Vodka',5010677850100,'70cl',0,'','','http://fr.openfoodfacts.org/images/products/501/067/785/0100/front.7.400.jpg',32),(35348,'whisky',5010752000345,'1 litre',0,'william lawsons','','http://fr.openfoodfacts.org/images/products/501/075/200/0345/front.3.400.jpg',32),(35399,'vodka',5051140751302,'70cl',0,'tesco,tesco everyday value','','http://fr.openfoodfacts.org/images/products/505/114/075/1302/front.6.400.jpg',32),(35427,'Original Recipe Tennessee Honey',5099873001370,'70 cl',0,'Jack Daniel\'s','','http://fr.openfoodfacts.org/images/products/509/987/300/1370/front.3.400.jpg',32),(35429,'Jack Daniel\'s n°7',5099873108017,'70cl',0,'Jack Daniel\'s','','',32),(35430,'Single barrel select',5099873206478,'70cl',0,'Jack Daniel\'s','','',32),(35431,'Jack Daniel\'s Tennessee Whiskey',5099873268667,'70cl',0,'Jack Daniel\'s','','',32),(35435,'Doub!le x 4',5201360523726,'240g',0,'7 Days','','',36),(35473,'Saucisson sec',5400247009470,'200 g',0,'Winny','','http://fr.openfoodfacts.org/images/products/540/024/700/9470/front.4.400.jpg',1),(35483,'Taboulé oriental',5400247032058,'500 g',0,'Winny','','http://fr.openfoodfacts.org/images/products/540/024/703/2058/front.3.400.jpg',28),(35486,'Madeleines coquilles aux oeufs frais',5400247033536,'500 g',0,'Winny','','http://fr.openfoodfacts.org/images/products/540/024/703/3536/front.6.400.jpg',22),(35492,'Pizzaiolo Mozzarella',5400317200356,'2 kg',0,'Kaasbrik','','',10),(35496,'Baguette wit-blanche',5400766081209,'',0,'Carrefour,Croustifrance','','http://fr.openfoodfacts.org/images/products/540/076/608/1209/front.10.400.jpg',34),(35512,'Pringles Original',5410076462223,'190g',0,'Pringles','','http://fr.openfoodfacts.org/images/products/541/007/646/2223/front.15.400.jpg',14),(35563,'Cassonade ',5410256704006,'1 kg',0,'Tienen-tirlemont','','http://fr.openfoodfacts.org/images/products/541/025/670/4006/front.3.400.jpg',23),(35564,'Cassonade de candi brune',5410301001104,'1 kg',0,'Candico','','http://fr.openfoodfacts.org/images/products/541/030/100/1104/front.5.400.jpg',23),(35565,'Vodka Smirnoff',5410316083607,'70 cl',0,'Smirnoff','','http://fr.openfoodfacts.org/images/products/541/031/608/3607/front.5.400.jpg',32),(35571,'Superieur Nature (family pack)',5410573033018,'340 g',0,'Herta','','http://fr.openfoodfacts.org/images/products/541/057/303/3018/front.7.400.jpg',27),(35606,'Jambon de dinde',5411431167142,'160 g',0,'Volibon','','http://fr.openfoodfacts.org/images/products/541/143/116/7142/front.5.400.jpg',27),(35632,'Lentil Chips Original',5411788047050,'90 g',0,'Lima','','http://fr.openfoodfacts.org/images/products/541/178/804/7050/front.5.400.jpg',14),(35651,'Baguette au pavot',5413476928511,'',0,'','','http://fr.openfoodfacts.org/images/products/541/347/692/8511/front.3.400.jpg',34),(35663,'DeliSoup',5414972109503,'1 L',0,'Campbells','','http://fr.openfoodfacts.org/images/products/541/497/210/9503/front.4.400.jpg',18),(35718,'Porto Finest Reserve',5607248000035,'750 ml',0,'Quinta do Tedo','','http://fr.openfoodfacts.org/images/products/560/724/800/0035/front.6.400.jpg',33),(35721,'Mikkeller Grassroots Wheat is the new hops',5704255102988,'33 cl',0,'Mikkeller','','http://fr.openfoodfacts.org/images/products/570/425/510/2988/front.7.400.jpg',31),(35726,'Bison Grass Vodka',5900343003674,'500 ml',0,'Zubrowka','','http://fr.openfoodfacts.org/images/products/590/034/300/3674/front.4.400.jpg',32),(35728,'Tyskie Grand Prix',5901359000237,'500 ml',0,'Tyskie','','http://fr.openfoodfacts.org/images/products/590/135/900/0237/front.5.400.jpg',31),(35729,'Prenium vodka 100% pure grain',5902738884530,'70 cl',0,'Sobieski','','http://fr.openfoodfacts.org/images/products/590/273/888/4530/front.8.400.jpg',32),(35735,'Madeleines Longues Nature',6118540405750,'220g',0,'St Michel','','',22),(35746,'Bière',6901035601030,'330 ml',0,'Tsingtao','','http://fr.openfoodfacts.org/images/products/690/103/560/1030/front.13.400.jpg',31),(35753,'München Hell',7072240001171,'50 cl',0,'Spaten','','http://fr.openfoodfacts.org/images/products/707/224/000/1171/front.12.400.jpg',31),(35761,'Absolut vodka',7312040017010,'750ml',0,'Absolut Vodka','','',32),(35762,'Absolut Vodka',7312040017355,'350 ml',0,'Absolut','','http://fr.openfoodfacts.org/images/products/731/204/001/7355/front.5.400.jpg',32),(35763,'Cabernet Sauvignon Kiss Monster',7350062350241,'750ml',0,'Kiss,Rock\'n\'wines','','',33),(35766,'Extra',7501064191466,'6x 355ml',0,'Corona','','http://fr.openfoodfacts.org/images/products/750/106/419/1466/front.9.400.jpg',31),(35785,'Cordon bleu',7610745622240,'260 g',0,'Cornatur,Migros','','http://fr.openfoodfacts.org/images/products/761/074/562/2240/front.5.400.jpg',3),(35791,'Soyog baies des bois',7610900193578,'150 g',0,'Migros,Soja Line','','http://fr.openfoodfacts.org/images/products/761/090/019/3578/front.5.400.jpg',26),(35802,'clinutren',7613033110894,'820 g',0,'nestléhealthscience','','',26),(35811,'P\'tit Souper Crème de Légumes et Tendre Blé',7613033636356,'2 * 200 g (400 g)',0,'Nestlé','','http://fr.openfoodfacts.org/images/products/761/303/363/6356/front.6.400.jpg',18),(35832,'Anna\'s best pâtes tricolores et poulet',7613269271833,'350 g',0,'Anna\'s best','','http://fr.openfoodfacts.org/images/products/761/326/927/1833/front.6.400.jpg',2),(35833,'Salade de poulet',7613269284369,'280 g',0,'Anna\'s Best,Migros','','http://fr.openfoodfacts.org/images/products/761/326/928/4369/front.4.400.jpg',2),(35834,'Taboulé oriental avec légumes',7613269287506,'250 g',0,'Anna\'s Best,Migros','','',28),(35836,'Soupe de tomates au mascarpone',7613269374503,'300 ml',0,'Anna\'s Best,Migros','','http://fr.openfoodfacts.org/images/products/761/326/937/4503/front.4.400.jpg',18),(35837,'Taboulé avec mangue',7613269429173,'300 g',0,'Anna\'s Best,Migros','','',28),(35839,'Croissant',7613269584568,'210 g',0,'M-Budget,Migros','','http://fr.openfoodfacts.org/images/products/761/326/958/4568/front.4.400.jpg',36),(35840,'Ravioli di spinaci e mandorle',7613269677307,'250 g',0,'Anna\'s Best,Migros','','',15),(35848,'Crème avec chocolat en poudre M-Classic',7616600708616,'500 gr',0,'Migros,M-Classic,Elsa','','http://fr.openfoodfacts.org/images/products/761/660/070/8616/front.4.400.jpg',26),(35849,'Le Yaourt Dessert au Chocolat Suisse sur Lit de Banane',7616600712675,'120 g',0,'Swiss Delice','','http://fr.openfoodfacts.org/images/products/761/660/071/2675/front.6.400.jpg',26),(35851,'Tartelette aux noix',7616700004212,'80 g',0,'Migros','','',35),(35852,'Tartelette à l\'abricot',7616700007732,'75 g',0,'Jowa,Migros','','http://fr.openfoodfacts.org/images/products/761/670/000/7732/front.5.400.jpg',35),(35853,'Croissants précuits au beurre',7616700114553,'200 g',0,'Léger,Migros','','http://fr.openfoodfacts.org/images/products/761/670/011/4553/front.4.400.jpg',36),(35854,'Tartelette au chocolat',7616700126723,'75 g',0,'Migros','','',35),(35855,'Tartelette vermicelle',7616700175233,'120 g',0,'Migros','','',35),(35856,'Croissants Party',7616700184914,'840 g',0,'M-Budget,Migros','','',36),(35858,'Poulet Madras',7616800213057,'170 g',0,'Subito,Migros','','http://fr.openfoodfacts.org/images/products/761/680/021/3057/front.5.400.jpg',2),(35859,'Ravioli alla napoletana',7616800705156,'1,2 kg',0,'M Classic','','http://fr.openfoodfacts.org/images/products/761/680/070/5156/front.9.400.jpg',15),(35860,'Raviolis aux œufs farcis à la viande de porc ',7616800811291,'1200 g',0,'M-Budget,Migros','','http://fr.openfoodfacts.org/images/products/761/680/081/1291/front.4.400.jpg',15),(35861,'Ravioli Napoli ricotta et épinards',7616800835853,'350 g',0,'Subito,Migros','','http://fr.openfoodfacts.org/images/products/761/680/083/5853/front.4.400.jpg',15),(35863,'Tartelette au champignons',7617015027590,'280 g',0,'M-Classic,Migros','','http://fr.openfoodfacts.org/images/products/761/701/502/7590/front.4.400.jpg',35),(35866,'Soyog Classic',7617027620857,'150 g',0,'Migros,Soja Line','','http://fr.openfoodfacts.org/images/products/761/702/762/0857/front.5.400.jpg',26),(35871,'Jambon de derrière ',7617027944526,'200 g',0,'M-Budget,Migros','','http://fr.openfoodfacts.org/images/products/761/702/794/4526/front.8.400.jpg',27),(35872,'Cotto',7617027948494,'',0,'M-Budget,Migros','','http://fr.openfoodfacts.org/images/products/761/702/794/8494/front.4.400.jpg',27),(35873,'Oeufs durs importés',7617027960304,'',0,'M-Budget','','',24),(35883,'Natillas oreo',7622210009333,'75g',0,'royal oreo','','',26),(35894,'Tuc - Cheese (goût fromage)',7622300571351,'100g',0,'Lu,Mondelez international','','http://fr.openfoodfacts.org/images/products/762/230/057/1351/front.3.400.jpg',22),(35896,'TUC Crispy',7622300818821,'100 g',0,'LU,Mondelez','','http://fr.openfoodfacts.org/images/products/762/230/081/8821/front.3.400.jpg',22),(35900,'Angry Birds Potato Chips',7640110242001,'160 g',0,'Angry Birds,Rovio','','http://fr.openfoodfacts.org/images/products/764/011/024/2001/front.7.400.jpg',14),(35901,'Altas Cumbres 2012',7792756220919,'375 ml',0,'Lagarde','','http://fr.openfoodfacts.org/images/products/779/275/622/0919/front.5.400.jpg',33),(35902,'GatoNegro',7804300010638,'0,75 l',0,'GatoNegro','','http://fr.openfoodfacts.org/images/products/780/430/001/0638/front.11.400.jpg',33),(35906,'Monte Pietroso Rosso 2010 (et 2012)',8000160689598,'75 cl',0,'Monte Pietroso','','http://fr.openfoodfacts.org/images/products/800/016/068/9598/front.20.400.jpg',33),(35949,'Penne lisce nº 40 (Al dente 9 min)',8001250120403,'500 g',0,'De Cecco','','http://fr.openfoodfacts.org/images/products/800/125/012/0403/front.6.400.jpg',16),(35960,'Vino Frizzante Prosecco DOC',8001540060402,'75 cl',0,'Cantine Maschio','','',33),(35962,'ravioli parmesan et ricotta',8001665700696,'250 g',0,'Giovanni Rana','','',15),(35963,'ravioli thon et tomate',8001665703017,'250g',0,'Giovanni Rana','','',15),(35964,'Vin rosé ',8001666753059,'75cl',0,'Regaleali','','http://fr.openfoodfacts.org/images/products/800/166/675/3059/front.3.400.jpg',33),(35971,'San Carlo Piu\' rustica',8003130141201,'70 g',0,'san carlo,San Carlo Gruppo Alimentare SpA Via Filippo Turati 29 20121 Milano MI Italy','','http://fr.openfoodfacts.org/images/products/800/313/014/1201/front.7.400.jpg',14),(35977,'Hot Dog',8004248002200,'1 kg',0,'Pavo','','http://fr.openfoodfacts.org/images/products/800/424/800/2200/front.6.400.jpg',2),(35990,'Il Vino dell\' Amore',8005829220648,'75 cl',0,'Bottega','','http://fr.openfoodfacts.org/images/products/800/582/922/0648/front.7.400.jpg',33),(36016,'Ravioli ai funghi porcini',8021733250892,'250 g',0,'Pasta Julia','','http://fr.openfoodfacts.org/images/products/802/173/325/0892/front.5.400.jpg',15),(36023,'Barone Montalto, Nero d\'Avola',8030423003458,'75 cl',0,'Barone Montalto,Terre siciliane','','http://fr.openfoodfacts.org/images/products/803/042/300/3458/front.18.400.jpg',33),(36025,'Saucisson de Parme',8032484861992,'110 g',0,'Corte del Gusto','','http://fr.openfoodfacts.org/images/products/803/248/486/1992/front.6.400.jpg',1),(36027,'Le camarde',8032611530104,'75 cl',0,'Feudi di Guagnano','','http://fr.openfoodfacts.org/images/products/803/261/153/0104/front.7.400.jpg',33),(36038,'Maccheroni n. 44',8076808050440,'500 g',0,'Barilla','','http://fr.openfoodfacts.org/images/products/807/680/805/0440/front.11.400.jpg',16),(36054,'bière',8108561859401,'0.33 l',0,'','','',31),(36056,'10 Oeufs Bio Fermiers',8175720021030,'10 oeufs',0,'Loué','','http://fr.openfoodfacts.org/images/products/817/572/002/1030/front.4.400.jpg',24),(36057,'Assaisonnement pour soupe au poulet',8250643056878,'227 g',0,'Lee Brand','','http://fr.openfoodfacts.org/images/products/825/064/305/6878/front.7.400.jpg',2),(36058,'Choco Flakes de Cuétara',8410014396556,'550 g',0,'Cuétara,Nutrexpa','','http://fr.openfoodfacts.org/images/products/841/001/439/6556/front.6.400.jpg',14),(36060,'Cordon negro',8410036009090,'750ml',0,'Freixenet','','http://fr.openfoodfacts.org/images/products/841/003/600/9090/front.5.400.jpg',33),(36074,'Kit pour Poulet Tikka Masala',8410076473011,'420 g',0,'Parampara','','http://fr.openfoodfacts.org/images/products/841/007/647/3011/front.9.400.jpg',2),(36076,'Concentré de saveurs aux épices pour Poulet Tikka Masala',8410076492128,'80g',0,'Parampra','','',2),(36078,'Fraise',8410391000893,'336 g (8 x 42 g)',0,'Heras Bareche,El Quiteriano S.A.','','http://fr.openfoodfacts.org/images/products/841/039/100/0893/front.5.400.jpg',22),(36079,'Choc-Chips',8410391516189,'256 g (8 x 32 g)',0,'Heras Bareche,El Quiteriano S.A.','','http://fr.openfoodfacts.org/images/products/841/039/151/6189/front.5.400.jpg',22),(36080,'Dúo',8410391713021,'300 g (10 x 30 g)',0,'Heras Bareche,El Quiteriano S.A.','','http://fr.openfoodfacts.org/images/products/841/039/171/3021/front.5.400.jpg',22),(36081,'Vodka 70 cl Eristoff',8410414000466,'70 cl',0,'Eristoff','','http://fr.openfoodfacts.org/images/products/841/041/400/0466/front.5.400.jpg',32),(36082,'Vodka 100 cl Eristoff',8410414000909,'100 cl',0,'Eristoff','','http://fr.openfoodfacts.org/images/products/841/041/400/0909/front.6.400.jpg',32),(36083,'Pocket fruits Banane',8410442523135,'18 g',0,'Gerio','','http://fr.openfoodfacts.org/images/products/841/044/252/3135/front.3.400.jpg',5),(36084,'Bière blonde',8410655000416,'3 cl',0,'San Miguel','','http://fr.openfoodfacts.org/images/products/841/065/500/0416/front.9.400.jpg',31),(36085,'Salsichon campesimo',8410843465638,'250g',0,'Elpozo','','http://fr.openfoodfacts.org/images/products/841/084/346/5638/front.6.400.jpg',1),(36086,'Madeleines saveur fraise',8412166100753,'500 g',0,'Sans marque','','http://fr.openfoodfacts.org/images/products/841/216/610/0753/front.4.400.jpg',22),(36087,'Calendas Garnacha Tempranillo 2014',8414167080089,'75 cl',0,'Ochoa','','http://fr.openfoodfacts.org/images/products/841/416/708/0089/front.8.400.jpg',33),(36101,'Saucissons Secs',8423348402336,'70 g',0,'Casa Ramon','','',1),(36103,'Almond',8428532230023,'200ml',0,'EcoMil','','http://fr.openfoodfacts.org/images/products/842/853/223/0023/front.4.400.jpg',29),(36107,'10 oeufs bio fermiers',8434782687777,'10',0,'LOUE','','http://fr.openfoodfacts.org/images/products/843/478/268/7777/front.3.400.jpg',24),(36108,'Yaourt de brebis Bio ',8437000140481,'420 Gr',0,'Cantero de Letur','','',26),(36110,'Coeur de romaine',8437005739024,'2 pièces - cat 1',0,'agricola el nino del campo','','http://fr.openfoodfacts.org/images/products/843/700/573/9024/front.3.400.jpg',29),(36111,'miel de romarin',8437007561210,'500 g',0,'solyflor','','http://fr.openfoodfacts.org/images/products/843/700/756/1210/front.3.400.jpg',21),(36112,'Véritable Espetec Catalan',8437010376061,'160 g',0,'','','http://fr.openfoodfacts.org/images/products/843/701/037/6061/front.5.400.jpg',1),(36113,'Vin disco',8437012102088,'75 cl',0,'Disco','','http://fr.openfoodfacts.org/images/products/843/701/210/2088/front.9.400.jpg',33),(36115,'Miel biologique',8437014473070,'450gr',0,'bona mel','','',21),(36120,'8 tartelettes fraise',8480017006790,'150 (8 tartelettes de 18.75 g)',0,'Dia','','http://fr.openfoodfacts.org/images/products/848/001/700/6790/front.6.400.jpg',35),(36121,'Cassonade',8480017012067,'1kg',0,'Dia','','http://fr.openfoodfacts.org/images/products/848/001/701/2067/front.3.400.jpg',23),(36128,'Cidre Brut Pop d\'Adam',8480017028655,'75 cL',0,'Dia','','http://fr.openfoodfacts.org/images/products/848/001/702/8655/front.7.400.jpg',31),(36129,'Baguette précuite',8480017036872,'250 g',0,'Dia','','http://fr.openfoodfacts.org/images/products/848/001/703/6872/front.8.400.jpg',34),(36130,'Pocket Sticks Nature',8480017037855,'100 g',0,'Dia','','http://fr.openfoodfacts.org/images/products/848/001/703/7855/front.3.400.jpg',1),(36131,'Croissants pur beurre surgelés',8480017039170,'360 g',0,'Dia','','http://fr.openfoodfacts.org/images/products/848/001/703/9170/front.10.400.jpg',36),(36138,'Croissants (x 10) 400 g - Dia',8480017081902,'400 g (10 croissants de 40 g)',0,'Dia','','http://fr.openfoodfacts.org/images/products/848/001/708/1902/front.10.400.jpg',36),(36139,'Miel de fleurs crémeux',8480017081971,'500 g',0,'Dia','','http://fr.openfoodfacts.org/images/products/848/001/708/1971/front.3.400.jpg',21),(36141,'Miel bio',8480017088925,'500 g',0,'Dia','','http://fr.openfoodfacts.org/images/products/848/001/708/8925/front.6.400.jpg',21),(36143,'Miel de montagne',8480017099075,'500 g',0,'Dia','','http://fr.openfoodfacts.org/images/products/848/001/709/9075/front.6.400.jpg',21),(36147,'Taboulé oriental aux raisins',8480017120496,'500 g',0,'Dia','','http://fr.openfoodfacts.org/images/products/848/001/712/0496/front.7.400.jpg',28),(36149,'Taboulé feuille de menthe huile olive',8480017184344,'730 g',0,'Dia','','http://fr.openfoodfacts.org/images/products/848/001/718/4344/front.3.400.jpg',28),(36155,'Mini saucisson sec ',8480017541857,'100 g ',0,'Dia','','http://fr.openfoodfacts.org/images/products/848/001/754/1857/front.3.400.jpg',1),(36158,'Lait chocolaté',8480017625526,'200 ml',0,'Dia','','http://fr.openfoodfacts.org/images/products/848/001/762/5526/front.7.400.jpg',29),(36159,'Pain de mie 7 céréales spécial sandwich',8480017666833,'550 g 14 tranches',0,'Dia','','http://fr.openfoodfacts.org/images/products/848/001/766/6833/front.7.400.jpg',21),(36163,'Lait chocolaté',8480017821409,'1 litre',0,'Dia','','http://fr.openfoodfacts.org/images/products/848/001/782/1409/front.5.400.jpg',29),(36166,'miel de fleurs',8560480005015,'500 g',0,'baramel','','http://fr.openfoodfacts.org/images/products/856/048/000/5015/front.3.400.jpg',21),(36167,'Papillotes spécial poêle-poulet aux herbes de provence',8585002417961,'23.4g',0,'Maggi,Papillotes,Nestlé','','http://fr.openfoodfacts.org/images/products/858/500/241/7961/front.3.400.jpg',2),(36168,'Papillotes &quot;Spécial Poêle&quot; poulet au paprika',8585002431172,'23.2g ( 4 feuilles ) ',0,'Maggi,Nestlé,Papillotes','','http://fr.openfoodfacts.org/images/products/858/500/243/1172/front.3.400.jpg',2),(36170,'Kozzel',8594404005782,'500 ml',0,'','','',31),(36172,'Dauphine',8710438051285,'700 g',0,'McCain','','http://fr.openfoodfacts.org/images/products/871/043/805/1285/front.8.400.jpg',11),(36173,'Duchesse',8710438053395,'1,1 kg',0,'McCain','','http://fr.openfoodfacts.org/images/products/871/043/805/3395/front.9.400.jpg',11),(36174,'Country Potatoes aux herbes',8710438059281,'700gr',0,'McCain','','http://fr.openfoodfacts.org/images/products/871/043/805/9281/front.14.400.jpg',11),(36175,'La Dauphine',8710438075144,'800 g',0,'McCain','','http://fr.openfoodfacts.org/images/products/871/043/807/5144/front.7.400.jpg',11),(36176,'La Rissolée ',8710438086591,'700 g',0,'McCain','','http://fr.openfoodfacts.org/images/products/871/043/808/6591/front.7.400.jpg',11),(36177,'Potatoes à Rôtir - Ail et persil',8710438097979,'700 g',0,'McCain','','',11),(36186,'Gouda',8710912600121,'150 g',0,'Migros','','http://fr.openfoodfacts.org/images/products/871/091/260/0121/front.4.400.jpg',25),(36194,'Trappist',8711406995631,'33 cl',0,'La Trappe','','http://fr.openfoodfacts.org/images/products/871/140/699/5631/front.8.400.jpg',31),(36198,'Cornetto - Chocolatissimo (Chocolat Intense)',8712100335426,'300 g (5 unités), 450 mL',0,'Miko','','http://fr.openfoodfacts.org/images/products/871/210/033/5426/front.9.400.jpg',12),(36201,'Miel et une nuit ',8712100411441,'43,75 g',0,'Elephant','','http://fr.openfoodfacts.org/images/products/871/210/041/1441/front.7.400.jpg',21),(36206,'Choc\'N\'Ball',8712100486517,'99 g (160 ml)',0,'Cornetto,Miko','','http://fr.openfoodfacts.org/images/products/871/210/048/6517/front.14.400.jpg',12),(36208,'Magnum pistache',8712100521317,'440 ml',0,'Magnum','','http://fr.openfoodfacts.org/images/products/871/210/052/1317/front.6.400.jpg',12),(36212,'Black Espresso ',8712100685453,'',0,'Magnum,Miko','','http://fr.openfoodfacts.org/images/products/871/210/068/5453/front.8.400.jpg',12),(36232,'Demae Ramen',8712429350407,'100 g',0,'Nissin','','http://fr.openfoodfacts.org/images/products/871/242/935/0407/front.7.400.jpg',18),(36233,'Demae Ramen soupe de nouilles japonaises',8712429360604,'100gr',0,'Nissin','','http://fr.openfoodfacts.org/images/products/871/242/936/0604/front.7.400.jpg',18),(36236,'Cornetto Enigma - Chocolat & Coeur au caramel',8712566099559,'220 g, 360 mL (4 unités)',0,'Miko,Cornetto','','http://fr.openfoodfacts.org/images/products/871/256/609/9559/front.14.400.jpg',12),(36244,'Thé vert earl grey',8712566212019,'25 sachets poids net 32,5g',0,'Lipton,Unilever','','http://fr.openfoodfacts.org/images/products/871/256/621/2019/front.20.400.jpg',19),(36247,'Coffret d\'infusions parfumées',8712566275083,'5x10 sachets pyramide - 102g',0,'Lipton,Unilever','','http://fr.openfoodfacts.org/images/products/871/256/627/5083/front.8.400.jpg',19),(36248,'Coffret de Thés parfumés',8712566316717,'100 g',0,'Lipton','','http://fr.openfoodfacts.org/images/products/871/256/631/6717/front.4.400.jpg',19),(36249,'Magnum Infinity Chocolate',8712566320738,'320 g',0,'Miko','','http://fr.openfoodfacts.org/images/products/871/256/632/0738/front.16.400.jpg',12),(36250,'Magnum Amandes x8',8712566328239,'880 ml',0,'Magnum,Miko','','http://fr.openfoodfacts.org/images/products/871/256/632/8239/front.13.400.jpg',12),(36251,'Cornetto Cookie',8712566340712,'220 g (360 ml)',0,'Miko,Cornetto','','http://fr.openfoodfacts.org/images/products/871/256/634/0712/front.7.400.jpg',12),(36257,'Magnum - Miel Nougat',8712566382279,'632 g, 880 mL, 8 unités',0,'Miko,Magnum','','http://fr.openfoodfacts.org/images/products/871/256/638/2279/front.13.400.jpg',12),(36258,'Infusion séduction cranberry ',8712566414772,'40 g',0,'Lipton','','http://fr.openfoodfacts.org/images/products/871/256/641/4772/front.9.400.jpg',19),(36261,'Kokosnuss milch ',8713576114102,'400ml',0,'Terrasano','','http://fr.openfoodfacts.org/images/products/871/357/611/4102/front.6.400.jpg',29),(36286,'Purisima',8716200334808,'160 ml',0,'Frieslandfoods,Purisima','','http://fr.openfoodfacts.org/images/products/871/620/033/4808/front.5.400.jpg',29),(36289,'Weichkäse in salzlake',8717568710372,'1500 g',0,'Destan','','http://fr.openfoodfacts.org/images/products/871/756/871/0372/front.8.400.jpg',25),(36292,'Mon Yaourt Maison Ferments lactiques spécial yaourtière',8718114773155,'8 g',0,'Alsa','','http://fr.openfoodfacts.org/images/products/871/811/477/3155/front.5.400.jpg',26),(36293,'Vegetable Chips Sweet Potatoe, tomato & rosemary',8718781200695,'80 g',0,'Go Pure','','',14),(36294,'Leerdammer léger',8721800021805,'250g',0,'Leerdammer,Bel','','http://fr.openfoodfacts.org/images/products/872/180/002/1805/front.9.400.jpg',25),(36295,'Original',8721800081151,'22 g',0,'Leerdammer','','http://fr.openfoodfacts.org/images/products/872/180/008/1151/front.8.400.jpg',25),(36296,'Fromage',8721800082110,'',0,'Leerdammer,Bel','','http://fr.openfoodfacts.org/images/products/872/180/008/2110/front.5.400.jpg',25),(36297,'Leerdammer Original',8721800082318,'500g',0,'Leerdammer','','',25),(36298,'Infusion Maroc',8722700004219,'40 g (20 sachets)',0,'Lipton,Unilever','','http://fr.openfoodfacts.org/images/products/872/270/000/4219/front.7.400.jpg',19),(36300,'Boursin salade & apéritif au chèvre et fines herbes',8722700058847,'120g',0,'Boursin,Bel','','http://fr.openfoodfacts.org/images/products/872/270/005/8847/front.7.400.jpg',25),(36301,'Infusion Alpes',8722700069041,'44 g',0,'Lipton','','http://fr.openfoodfacts.org/images/products/872/270/006/9041/front.7.400.jpg',19),(36310,'thé fruits des bois avec morceaux de fruits',8722700159476,'40g, 25 sachets',0,'lipton,unilever','','http://fr.openfoodfacts.org/images/products/872/270/015/9476/front.12.400.jpg',19),(36311,'Magnum Pistachio',8722700235811,'344 g',0,'Magnum','','http://fr.openfoodfacts.org/images/products/872/270/023/5811/front.6.400.jpg',12),(36313,'Infusion Tentation Fraise',8722700472322,'20 sachets',0,'Lipton','','http://fr.openfoodfacts.org/images/products/872/270/047/2322/front.7.400.jpg',19),(36320,'Coco Milk, 5 à 7% mg',8850344003371,'400 ml',0,'Suree','','http://fr.openfoodfacts.org/images/products/885/034/400/3371/front.6.400.jpg',29),(36321,'Coconut Milk',8850367990924,'400 ml',0,'Mae Ploy','','http://fr.openfoodfacts.org/images/products/885/036/799/0924/front.5.400.jpg',29),(36325,'Assaisonnement pour soupe de canard instantané',8850643002617,'225 g',0,'Por Kwan','','http://fr.openfoodfacts.org/images/products/885/064/300/2617/front.6.400.jpg',18),(36331,'jardin vert',8857122685095,'400ml',0,'jardin vert','','http://fr.openfoodfacts.org/images/products/885/712/268/5095/front.4.400.jpg',29),(36333,'Concentré de saveurs aux épices pour Poulet Shahi Korma',8902301820771,'55 g',0,'Parampara,General Mills','','',2),(36336,'Jus de mangue passion',9002515426222,'0,75 L',0,'pago','','http://fr.openfoodfacts.org/images/products/900/251/542/6222/front.3.400.jpg',30),(36337,'Pago goyave',9002515426420,'75 cl',0,'Pago','','http://fr.openfoodfacts.org/images/products/900/251/542/6420/front.13.400.jpg',30),(36338,'Pago Poire',9002515599698,'75 cl',0,'Pago','','',30),(36339,'Pago Ace Orange Carotte Citron',9002515600608,'0.75 l',0,'Pago','','http://fr.openfoodfacts.org/images/products/900/251/560/0608/front.3.400.jpg',30),(36341,'crème dessert',9019015000005,'125 g',0,'Paturage des Monts du Lyonnais','','http://fr.openfoodfacts.org/images/products/901/901/500/0005/front.5.400.jpg',26),(36342,'crème dessert café',9019022000005,'125 g',0,'Paturage des Monts du Lyonnais','','http://fr.openfoodfacts.org/images/products/901/902/200/0005/front.5.400.jpg',26),(36344,'Candy\'up',9156171744289,'6 x 20cl',0,'Candia','','http://fr.openfoodfacts.org/images/products/915/617/174/4289/front.3.400.jpg',29),(36345,'fromage blanc bio',9213220501849,'400 g',0,'Vrai La Laiterie familiale,Vrai','','',25),(36346,'Croissants',9274160695791,'400 g',0,'auchan','','',36),(36347,'Fromage de chèvre au lait pasteurisé',9274760321465,'180 g',0,'Auchan','','http://fr.openfoodfacts.org/images/products/927/476/032/1465/front.4.400.jpg',25),(36348,'Banana Choc Cones',9300601968183,'475ml',0,'Coles','','http://fr.openfoodfacts.org/images/products/930/060/196/8183/front.3.400.jpg',14),(36349,'Nescafe Classic',9300605093263,'170 g',0,'Nescafe','','http://fr.openfoodfacts.org/images/products/930/060/509/3263/front.7.400.jpg',19),(36350,'salt reduced Chicken stock ',9300644043632,'1l',0,'real stock','','http://fr.openfoodfacts.org/images/products/930/064/404/3632/front.3.400.jpg',2),(36351,'Wattie\'s Smokey BBQ Sauce',9300657362782,'300 g',0,'Wattie\'s','','http://fr.openfoodfacts.org/images/products/930/065/736/2782/front.4.400.jpg',17),(36355,'Sauce piment ail et gingembre',9311627604382,'270 ml',0,'Ayam','','http://fr.openfoodfacts.org/images/products/931/162/760/4382/front.7.400.jpg',17);
/*!40000 ALTER TABLE `product` ENABLE KEYS */;
UNLOCK TABLES;

--
-- Table structure for table `section`
--

DROP TABLE IF EXISTS `section`;
/*!40101 SET @saved_cs_client     = @@character_set_client */;
/*!40101 SET character_set_client = utf8 */;
CREATE TABLE `section` (
  `id` int(11) NOT NULL AUTO_INCREMENT,
  `name` varchar(45) NOT NULL,
  `description` varchar(45) NOT NULL,
  `url_image` varchar(150) DEFAULT NULL,
  PRIMARY KEY (`id`)
) ENGINE=InnoDB AUTO_INCREMENT=11 DEFAULT CHARSET=utf8;
/*!40101 SET character_set_client = @saved_cs_client */;

--
-- Dumping data for table `section`
--

LOCK TABLES `section` WRITE;
/*!40000 ALTER TABLE `section` DISABLE KEYS */;
INSERT INTO `section` VALUES (1,'Viandes et poissons','Boucherie - Volailles - Poissonnerie','img/section_img/viandes_poissons.svg'),(2,'Fruits et légumes','Fruits frais/sec - Légumes frais/sec','img/section_img/fruits_et_legumes.svg'),(3,'Surgelés','Entrées - Plats cuisinés - Pizzas - Tartes','img/section_img/surgeles.svg'),(4,'Epicerie salée','Féculents - Conserves - Apéritifs','img/section_img/epicerie_salee.svg'),(5,'Epicerie sucrée','Petits déjeuners - Biscuits - Confiseries','img/section_img/epicerie_sucree.svg'),(6,'Produits frais','Beurres - Fromages - Charcuteries - Yaourts','img/section_img/produits_frais.svg'),(7,'Bebe','Repas - Gouters - Desserts - Laits','img/section_img/bebe.svg'),(8,'Boissons','Sirops - Eaux - Laits - Soda - Alcool','img/section_img/boissons.svg'),(9,'Pains Pâtisseries','Pains de mie - Pains grillées - Croissants','img/section_img/pains_et_patisserie.svg'),(10,'Bazar','Epicerie Bio - Les inclassables','img/section_img/bio_et_ecologie.svg');
/*!40000 ALTER TABLE `section` ENABLE KEYS */;
UNLOCK TABLES;

--
-- Table structure for table `settings`
--

DROP TABLE IF EXISTS `settings`;
/*!40101 SET @saved_cs_client     = @@character_set_client */;
/*!40101 SET character_set_client = utf8 */;
CREATE TABLE `settings` (
  `id` int(11) NOT NULL AUTO_INCREMENT,
  `name` varchar(45) DEFAULT NULL,
  `value` varchar(45) DEFAULT NULL,
  PRIMARY KEY (`id`)
) ENGINE=InnoDB DEFAULT CHARSET=utf8;
/*!40101 SET character_set_client = @saved_cs_client */;

--
-- Dumping data for table `settings`
--

LOCK TABLES `settings` WRITE;
/*!40000 ALTER TABLE `settings` DISABLE KEYS */;
/*!40000 ALTER TABLE `settings` ENABLE KEYS */;
UNLOCK TABLES;

--
-- Table structure for table `shop`
--

DROP TABLE IF EXISTS `shop`;
/*!40101 SET @saved_cs_client     = @@character_set_client */;
/*!40101 SET character_set_client = utf8 */;
CREATE TABLE `shop` (
  `id` int(11) NOT NULL AUTO_INCREMENT,
  `name` varchar(45) NOT NULL,
  `emblem` varchar(45) DEFAULT NULL,
  `created_date` datetime NOT NULL,
  `is_active` tinyint(1) NOT NULL DEFAULT '1',
  `address_id` int(11) NOT NULL,
  `idgoogle` varchar(45) NOT NULL,
  PRIMARY KEY (`id`),
  KEY `fk_magasin_ville1_idx` (`address_id`),
  CONSTRAINT `fk_magasin_ville1` FOREIGN KEY (`address_id`) REFERENCES `address` (`id`) ON DELETE NO ACTION ON UPDATE NO ACTION
) ENGINE=InnoDB AUTO_INCREMENT=210 DEFAULT CHARSET=utf8;
/*!40101 SET character_set_client = @saved_cs_client */;

--
-- Dumping data for table `shop`
--

LOCK TABLES `shop` WRITE;
/*!40000 ALTER TABLE `shop` DISABLE KEYS */;
INSERT INTO `shop` VALUES (83,'Auchan Béthune','Auchan','2017-01-03 11:30:00',1,104,'053315940ef1db6ec9967fb87e0b364f7de99f9a'),(84,'Auchan Douai','Auchan','2017-01-03 11:30:00',1,105,'94da8b1626028636112ca19f4971d0bae9418d8d'),(85,'Auchan Villeneuve d\'Ascq V2 Lille','Auchan','2017-01-03 11:30:00',1,106,'fa73692f491460ec312b577f5fb4942f95c3b1f3'),(86,'Centre commercial Auchan','Auchan','2017-01-03 11:30:00',1,107,'6fb2a44854cc14e3a389c0eb1175144ed906b778'),(87,'Auchan Arras','Auchan','2017-01-03 11:30:00',1,108,'9780b9feddec10587b1b4278849102b80d635323'),(88,'Traiteur Auchan Arras','Auchan','2017-01-03 11:30:00',1,109,'e5e1220714a46170726ae64513dc0de3f69059f3'),(89,'Traiteur Auchan Cambrai','Auchan','2017-01-03 11:30:00',1,110,'d60e773b6e4864f71d6884f8f71ab62ec352c3d5'),(90,'Auchan City','Auchan','2017-01-03 11:30:00',1,111,'1a4d3329e383c8ecb991b1e9c50d83f97e77256f'),(91,'Auchan Cambrai','Auchan','2017-01-03 11:30:00',1,112,'ba4a8d75386662eb74c0c779aa6b04a67d0755a4'),(92,'Auchan Roncq','Auchan','2017-01-03 11:30:00',1,113,'ff98e3a76d474f96d1ca1692fd73435174602225'),(93,'Auchan Englos Lille','Auchan','2017-01-03 11:30:00',1,114,'a08ef31a811cfaaeb60db86ebf4f988f8b02f56a'),(94,'Aushopping Noyelles','Auchan','2017-01-03 11:30:00',1,115,'54a62cd10b74fb9c327d835441d389ab9892c1f7'),(95,'Auchan Faches Thumesnil Lille','Auchan','2017-01-03 11:30:00',1,116,'4dfca739b2333f1489f02cf47b13fa52f78522df'),(96,'Centre Commercial Auchan Cambrai','Auchan','2017-01-03 11:30:00',1,117,'1552569c9707827bb284c084c28eb4c2836167a3'),(97,'Auchan Leers Lille','Auchan','2017-01-03 11:30:00',1,118,'488fe357f16913731ea3e5dc78cdd87041899200'),(98,'Auchan SAV','Auchan','2017-01-03 11:30:00',1,119,'ed8b9a2621db18b8fe287ae349dc8786bc98dd46'),(99,'Auchan Valenciennes','Auchan','2017-01-03 11:30:00',1,120,'638d76cc3149e9581b26bd5f8ec9a6a029652225'),(100,'Auchan Drive Leers','Auchan','2017-01-03 11:30:00',1,121,'631c91b5221489b14bc3ffc002a18137349f2f57'),(101,'Auchan Drive','Auchan','2017-01-03 11:30:00',1,122,'8cd920c81848332651750f9ee8338ae830ed4f72'),(102,'Auchan Drive Villeneuve d\'Ascq - V2','Auchan','2017-01-03 11:30:00',1,123,'b8806c57a46f6e727d29c7bb810a26d8404504d2'),(103,'Carrefour Contact','Carrefour','2017-01-03 11:30:00',1,124,'55a9eca2a8b8574247032efb179a4b2ce77c5d15'),(104,'Carrefour','Carrefour','2017-01-03 11:30:00',1,125,'d493b2e43cfee82125bd2280fee240943f5ea266'),(105,'Carrefour Contact','Carrefour','2017-01-03 11:30:00',1,126,'cd93e25c42f623cb6f52cf2e7bcede4397732eba'),(106,'Carrefour Express Lille Gambetta','Carrefour','2017-01-03 11:30:00',1,127,'486a52354b64519b4e05e6dcd1d474f1a8f4a18a'),(107,'Carrefour City Cambrai','Carrefour','2017-01-03 11:30:00',1,128,'1a797bf3417502cd8cfab76c558f24e2ca7db65e'),(108,'Carrefour Market Saint Pol sur Ternoise','Carrefour','2017-01-03 11:30:00',1,129,'ee8c797cbf78949a5ad25ae92bab71639e5f3561'),(109,'Carrefour Contact Mons en Pevele','Carrefour','2017-01-03 11:30:00',1,130,'4d5522d1dcfc505506a181a8c4fee45c3b4595e2'),(110,'Carrefour City Lens','Carrefour','2017-01-03 11:30:00',1,131,'346e042fdd7b6087c8b6acdc9ad63af6ddb38658'),(111,'Carrefour City Lille Isly','Carrefour','2017-01-03 11:30:00',1,132,'aaca59808b10b65333386a25fd4726902f34a780'),(112,'Carrefour Market Lille Moselle','Carrefour','2017-01-03 11:30:00',1,133,'9239bd07dde29e811b777cb696535cb55ee9932a'),(113,'Carrefour City Lille Postes','Carrefour','2017-01-03 11:30:00',1,134,'60c4ea344116a95beda32a3f66bf3628a9099885'),(114,'Carrefour Express Lille Tacq','Carrefour','2017-01-03 11:30:00',1,135,'77f8b31c4156e78f5d25794d423fe51be82822ea'),(115,'Carrefour','Carrefour','2017-01-03 11:30:00',1,136,'dfd1ecc7c78d3e972a43e723170a15467b99b72e'),(116,'Carrefour Wasquehal','Carrefour','2017-01-03 11:30:00',1,137,'ba8ab9035566bb92c816a3aa7618977b1290dbee'),(117,'Carrefour Market Bray-Dunes','Carrefour','2017-01-03 11:30:00',1,138,'9f4735cd4157ae8f032761ad6e391c1284fc84ab'),(118,'Carrefour City Loos','Carrefour','2017-01-03 11:30:00',1,139,'7132c778bb89b1eb2202190a5025f8d7ee06981a'),(119,'Carrefour Market Anzin Valmont','Carrefour','2017-01-03 11:30:00',1,140,'ceb2f3e7102f9dd36976e219fc7aa160de43af96'),(120,'Carrefour City','Carrefour','2017-01-03 11:30:00',1,141,'ebad92314b5830fef399f01aef5e5e26633f3234'),(121,'Market Lille Fives','Carrefour','2017-01-03 11:30:00',1,142,'ceada5c9b07c5de24b3aed1c5269ea66dcaf2312'),(122,'Carrefour Contact','Carrefour','2017-01-03 11:30:00',1,143,'506dc0996be26dd296f97bab3b1b4e5422472ba9'),(143,'E.Leclerc Lille','Leclerc','2017-01-03 11:30:00',1,164,'1bd163e05c23098c8068e3fc5cc5781c71719ad7'),(144,'E.Leclerc Templeuve','Leclerc','2017-01-03 11:30:00',1,165,'a35e58ea1fd72234ebaa4000a4d1e7b3007fb3d5'),(145,'E.Leclerc Drive Seclin Lorival','Leclerc','2017-01-03 11:30:00',1,166,'556eb41f39323892f645c5b0d1edde8669c9e6f0'),(146,'E.Leclerc Drive Fretin - CRT Lesquin','Leclerc','2017-01-03 11:30:00',1,167,'3ea51fd4b517908224dee0aac59a98f1724a249f'),(147,'E.Leclerc Hallennes-lez-Haubourdin','Leclerc','2017-01-03 11:30:00',1,168,'109b885c1bafde87ac7728d80ee88cb16a57d140'),(148,'E.Leclerc Drive Lomme','Leclerc','2017-01-03 11:30:00',1,169,'fad0ce18aa525d41033fce4c1dd47f5d79b36481'),(149,'E.Leclerc Seclin','Leclerc','2017-01-03 11:30:00',1,170,'11be5b3a5efde0ae67c467e80cb3d019af976218'),(150,'E-Leclerc Douai','Leclerc','2017-01-03 11:30:00',1,171,'932b6796d64d0b500eb25b9ffd1d4ea719b9830d'),(151,'E.Leclerc Drive Waziers / Douai','Leclerc','2017-01-03 11:30:00',1,172,'e8bb4442c99cd80c294aa0b368e20321e8379a12'),(152,'E.Leclerc','Leclerc','2017-01-03 11:30:00',1,173,'a6039339e8db0c592c9c3808a523564b9a08d701'),(153,'E.Leclerc Drive Loison','Leclerc','2017-01-03 11:30:00',1,174,'16cbbde1e7c93659f732647d94879f1459f6956f'),(154,'E-Leclerc Arras','Leclerc','2017-01-03 11:30:00',1,175,'286607fd0afaf43bdf9dae56373332f2016aca26'),(155,'E.Leclerc Wattrelos','Leclerc','2017-01-03 11:30:00',1,176,'504bde8db8fd49fc1d5f2b627cd62ac312f30823'),(156,'E.Leclerc Bailleul','Leclerc','2017-01-03 11:30:00',1,177,'923e2f7b4b3a6f41700ed13691943e3918db06ec'),(157,'E.Leclerc','Leclerc','2017-01-03 11:30:00',1,178,'291ec2635eda41e7a183513ff4136df3ba314baa'),(158,'E.Leclerc Dainville','Leclerc','2017-01-03 11:30:00',1,179,'81c98a68fa97c7c1fa2d16870726f29ad36ac2c9'),(159,'E.Leclerc Drive Beuvry','Leclerc','2017-01-03 11:30:00',1,180,'186faf1da2eb180658c0dfc0c2b6bcdc92512a87'),(160,'E.Leclerc Vermelles','Leclerc','2017-01-03 11:30:00',1,181,'5443844d7c7e115e536441c39ac318878fc1be9e'),(161,'E.Leclerc Courcelles','Leclerc','2017-01-03 11:30:00',1,182,'ff769ac44fbae82da2d036bfa5b75b62fe1f0a65'),(162,'E.Leclerc Drive Saint-Nicolas - Val de Scarpe','Leclerc','2017-01-03 11:30:00',1,183,'9d189d9c8e5d9b4b9cfbdff52a3c93968b52334a'),(163,'Lidl','Lidl','2017-01-03 11:30:00',1,184,'1e3d416d61ac1b211e1808284e13c72922b59899'),(164,'Lidl - Annœullin','Lidl','2017-01-03 11:30:00',1,185,'d3a79e5d8ec6b893088ee4ee7746e70a276e6a0e'),(165,'Lidl','Lidl','2017-01-03 11:30:00',1,186,'a8f0fb2b956640ee4e4ac8b968fb02fc2ce19c95'),(166,'Lidl','Lidl','2017-01-03 11:30:00',1,187,'5d0f138cbb0a2a1785481a4fce66eeaffae4163c'),(167,'Lidl','Lidl','2017-01-03 11:30:00',1,188,'310c32dba7a7aaeffb1781ed58700f3a46ff685a'),(168,'Lidl','Lidl','2017-01-03 11:30:00',1,189,'09959b6b3a0461065184f70920a0a5cf5d0ae81a'),(169,'Lidl','Lidl','2017-01-03 11:30:00',1,190,'eca5dfc08cdb397019e4fda027dd3495f6bbb69b'),(170,'Lidl','Lidl','2017-01-03 11:30:00',1,191,'0c1cd884d899e1851a800c065823600fd88be38b'),(171,'Lidl - Loos','Lidl','2017-01-03 11:30:00',1,192,'fef6d44cfca3cca4b5599f242077649344d987b9'),(172,'Lidl','Lidl','2017-01-03 11:30:00',1,193,'43336776b2a74308ec257745dc53216c40bf75dd'),(173,'Lidl','Lidl','2017-01-03 11:30:00',1,194,'a891794a36303979ccbc890002cb4f72bf018f79'),(174,'Lidl','Lidl','2017-01-03 11:30:00',1,195,'a829b3e6c8704ef3b11a68751647dda94923f504'),(175,'Lidl','Lidl','2017-01-03 11:30:00',1,196,'d0db60127be14c875409b1d4d1e510de7606eaef'),(176,'Lidl','Lidl','2017-01-03 11:30:00',1,197,'fcd558d99fac95fff553d0c7dc67070e8ebc33c2'),(177,'Lidl','Lidl','2017-01-03 11:30:00',1,198,'1445d573820fc12a9f46bbe24dc3af16c87d1bf0'),(178,'Lidl','Lidl','2017-01-03 11:30:00',1,199,'453e4c980a273a33e0f5e0b7fa6586e2d190f227'),(179,'Lidl','Lidl','2017-01-03 11:30:00',1,200,'6a08b11ae07bbe50baefdf0d7f9d5e6563033aaa'),(180,'Lidl','Lidl','2017-01-03 11:30:00',1,201,'df3c851938bd13663a38ad021914bf4eaf81bb58'),(181,'Lidl','Lidl','2017-01-03 11:30:00',1,202,'ac5c7e786ba9fec95be184852dc67e35ca44a0ae'),(182,'Lidl','Lidl','2017-01-03 11:30:00',1,203,'74c73985f3c27e2213bf047ff5a964f128b5d833'),(183,'Supermarchés Match','Match','2017-01-03 11:30:00',1,204,'7e4f9cc6d35e0ac76897304ce367e99506fc1933'),(184,'Supermarchés Match','Match','2017-01-03 11:30:00',1,205,'70a18c60c7a11b5465926b58393a38df74f8f100'),(185,'Supermarchés Match','Match','2017-01-03 11:30:00',1,206,'7df2c9c8010aaaa54af56086180850a17d8d584f'),(186,'Supermarchés Match','Match','2017-01-03 11:30:00',1,207,'a92d64064929d20e30d29d600bb2ffd6b37f7516'),(187,'Supermarché Match','Match','2017-01-03 11:30:00',1,208,'a94c6340d85808f1926ddd9f110184f8be3ce602'),(188,'Supermarchés Match','Match','2017-01-03 11:30:00',1,209,'1ed8b755dc747d05f7dcb2c8db2e9c5d22dddd4c'),(189,'Supermarchés Match','Match','2017-01-03 11:30:00',1,210,'81487394dbdc9860280f377e5743cfe7ac474c78'),(190,'Supermarchés Match','Match','2017-01-03 11:30:00',1,211,'26b5f1acedbbd84e411a049e527729873ca60715'),(191,'Supermarchés Match','Match','2017-01-03 11:30:00',1,212,'134cf5b00bbb7223bf50947ed0131019153147b2'),(192,'Supermarché Match','Match','2017-01-03 11:30:00',1,213,'fcbeb0b255882cb03a2e0406f3ae939bb2d85896'),(193,'Supermarchés Match','Match','2017-01-03 11:30:00',1,214,'c1c6893627e16008f2864f90783cb7947a442464'),(194,'Supermarchés Match','Match','2017-01-03 11:30:00',1,215,'52e70398048d608dc544260de34c611f7dc6ca29'),(195,'Supermarché Match','Match','2017-01-03 11:30:00',1,216,'51327cbeb8bf5dfa318a3b08ccfa5438813e55c4'),(196,'Supermarchés Match','Match','2017-01-03 11:30:00',1,217,'1f04e6ffce07ef2501ae8b8fb4e07a4a17fc318d'),(197,'Supermarchés Match','Match','2017-01-03 11:30:00',1,218,'d543278c7724d22c256ed9d9375a811214ccb185'),(198,'Supermarchés Match','Match','2017-01-03 11:30:00',1,219,'994b172b57cac534f233b1209267a681f17dd5ec'),(199,'Match','Match','2017-01-03 11:30:00',1,220,'23a0cf371df2c7f906f75a64c08c6f081c80317d'),(200,'Supermarché Match','Match','2017-01-03 11:30:00',1,221,'87245ce3e3f8d267f2ca63708c9698e1359dc208'),(201,'Supermarchés Match','Match','2017-01-03 11:30:00',1,222,'31436edd4e561f615deaed251421e0a433c6cdc7'),(202,'Supermarchés Match','Match','2017-01-03 11:30:00',1,223,'ccc6b2245271a8d01d87339cd81760d5fe45b4db'),(203,'Géant Casino','Géant Casino','2017-01-03 11:30:00',1,224,'460fca2b301a8e445718291f9a3dd1ade25941fa'),(204,'Casino supermarché et drive','Géant Casino','2017-01-03 11:30:00',1,225,'8142565c11a7f8098ebc13096ead1519efaf9023'),(205,'Distribution Casino France','Géant Casino','2017-01-03 11:30:00',1,226,'81ac1d3766bc3a482b9bdeaaac4d911842698e30'),(206,'Distribution Casino France','Géant Casino','2017-01-03 11:30:00',1,227,'3cfc0aba9b046e716217e3a6819c6e93778f5132'),(207,'Distribution Casino France','Géant Casino','2017-01-03 11:30:00',1,228,'a2eedee327764cf248aa267eaf71ca8eaa273595'),(208,'Distribution Casino France','Géant Casino','2017-01-03 11:30:00',1,229,'926ce42afe11b1a2bcbd858ac685fcfecfab9482'),(209,'Casino','Géant Casino','2017-01-03 11:30:00',1,230,'29fee473c0804ca8712eac28f265a7ef6c38a0ad');
/*!40000 ALTER TABLE `shop` ENABLE KEYS */;
UNLOCK TABLES;

--
-- Table structure for table `shop_product`
--

DROP TABLE IF EXISTS `shop_product`;
/*!40101 SET @saved_cs_client     = @@character_set_client */;
/*!40101 SET character_set_client = utf8 */;
CREATE TABLE `shop_product` (
  `id` int(11) NOT NULL AUTO_INCREMENT,
  `ratio` float DEFAULT NULL,
  `price` double DEFAULT NULL,
  `product_id` int(11) NOT NULL,
  `shop_id` int(11) NOT NULL,
  PRIMARY KEY (`id`),
  KEY `fk_Produit_has_magasin_magasin1_idx` (`shop_id`),
  KEY `fk_Produit_has_magasin_Produit1_idx` (`product_id`),
  CONSTRAINT `fk_Produit_has_magasin_Produit1` FOREIGN KEY (`product_id`) REFERENCES `product` (`id`) ON DELETE NO ACTION ON UPDATE NO ACTION,
  CONSTRAINT `fk_Produit_has_magasin_magasin1` FOREIGN KEY (`shop_id`) REFERENCES `shop` (`id`) ON DELETE NO ACTION ON UPDATE NO ACTION
) ENGINE=InnoDB DEFAULT CHARSET=utf8;
/*!40101 SET character_set_client = @saved_cs_client */;

--
-- Dumping data for table `shop_product`
--

LOCK TABLES `shop_product` WRITE;
/*!40000 ALTER TABLE `shop_product` DISABLE KEYS */;
/*!40000 ALTER TABLE `shop_product` ENABLE KEYS */;
UNLOCK TABLES;

--
-- Table structure for table `shopping_list`
--

DROP TABLE IF EXISTS `shopping_list`;
/*!40101 SET @saved_cs_client     = @@character_set_client */;
/*!40101 SET character_set_client = utf8 */;
CREATE TABLE `shopping_list` (
  `id` int(11) NOT NULL AUTO_INCREMENT,
  `name` varchar(45) NOT NULL,
  `is_actif` tinyint(1) NOT NULL DEFAULT '1',
  `is_close` tinyint(1) NOT NULL,
  `is_done` tinyint(1) NOT NULL,
  `is_favor` tinyint(1) NOT NULL,
  `updated_date` datetime NOT NULL,
  `member_id` int(11) NOT NULL,
  `shop_id` int(11) DEFAULT NULL,
  PRIMARY KEY (`id`),
  KEY `fk_Utilisateur_has_Produit_Utilisateur_idx` (`member_id`),
  KEY `fk_shopping_list_shop1_idx` (`shop_id`),
  CONSTRAINT `fk_Utilisateur_has_Produit_Utilisateur` FOREIGN KEY (`member_id`) REFERENCES `member` (`id`) ON DELETE NO ACTION ON UPDATE NO ACTION,
  CONSTRAINT `fk_shopping_list_shop1` FOREIGN KEY (`shop_id`) REFERENCES `shop` (`id`) ON DELETE NO ACTION ON UPDATE NO ACTION
) ENGINE=InnoDB AUTO_INCREMENT=109 DEFAULT CHARSET=utf8;
/*!40101 SET character_set_client = @saved_cs_client */;

--
-- Dumping data for table `shopping_list`
--

LOCK TABLES `shopping_list` WRITE;
/*!40000 ALTER TABLE `shopping_list` DISABLE KEYS */;
INSERT INTO `shopping_list` VALUES (12,'BernardList1',1,0,0,0,'2016-12-29 00:00:00',45,NULL),(13,'BernardList2',1,0,0,0,'2016-12-29 00:00:00',45,NULL),(14,'BernardList3',1,0,0,0,'2016-12-29 00:00:00',45,NULL),(15,'BernardList4',1,0,0,0,'2016-12-29 00:00:00',45,NULL),(16,'BernardList5',1,0,0,0,'2016-12-29 00:00:00',45,NULL),(17,'BernardList6',1,0,0,0,'2016-12-29 00:00:00',45,NULL),(18,'BernardList7',1,0,0,0,'2016-12-29 00:00:00',45,NULL),(19,'BernardList8',1,0,0,0,'2016-12-29 00:00:00',45,NULL),(20,'BernardList9',1,0,1,0,'2016-12-29 00:00:00',45,NULL),(21,'CarenList1',1,0,0,0,'2016-12-29 00:00:00',69,NULL),(22,'CarenList2',1,0,0,1,'2016-12-29 00:00:00',69,NULL),(23,'CarenList3',1,0,0,0,'2016-12-29 00:00:00',69,NULL),(24,'CarenList4',1,0,0,0,'2016-12-29 00:00:00',69,NULL),(25,'CarenList5',1,0,0,0,'2016-12-29 00:00:00',69,NULL),(26,'CarenList6',1,0,0,0,'2016-12-29 00:00:00',69,NULL),(27,'CarenList7',1,0,0,1,'2016-12-29 00:00:00',69,NULL),(28,'CarenList8',1,0,0,0,'2016-12-29 00:00:00',69,NULL),(33,'CarenList9',1,0,0,0,'2017-01-12 22:58:31',69,NULL),(36,'JaysonList1',1,0,0,0,'2017-01-19 10:24:00',70,NULL),(37,'JaysonList2',1,0,0,0,'2017-01-19 10:24:00',70,NULL),(38,'JaysonList3',1,0,0,0,'2017-01-19 10:24:00',70,NULL),(39,'JaysonList4',1,0,0,0,'2017-01-19 10:24:00',70,NULL),(40,'JaysonList5',1,0,0,0,'2017-01-19 10:24:00',70,NULL),(41,'JaysonList6',1,0,0,0,'2017-01-19 10:24:00',70,NULL),(42,'JaysonList7',1,0,0,0,'2017-01-19 10:24:00',70,NULL),(43,'JaysonList8',1,0,0,0,'2017-01-19 10:24:00',70,NULL),(44,'JaysonList9',1,0,0,0,'2017-01-19 10:24:00',70,NULL),(46,'AudreyList1',1,0,0,0,'2017-01-19 11:52:27',71,NULL),(47,'AudreyList2',1,0,0,0,'2017-01-19 11:52:27',71,NULL),(48,'AudreyList3',1,0,0,0,'2017-01-19 11:52:27',71,NULL),(49,'AudreyList4',1,0,0,0,'2017-01-19 11:52:27',71,NULL),(50,'AudreyList5',1,0,0,0,'2017-01-19 11:52:27',71,NULL),(51,'AudreyList6',1,0,0,0,'2017-01-19 11:52:27',71,NULL),(52,'AudreyList7',1,0,0,0,'2017-01-19 11:52:27',71,NULL),(53,'AudreyList8',1,0,0,0,'2017-01-19 11:52:27',71,NULL),(54,'AudreyList9',1,0,0,0,'2017-01-19 11:52:27',71,NULL),(100,'RebeccaList1',1,0,0,0,'2017-01-24 10:20:20',79,NULL),(101,'RebeccaList2',1,0,0,0,'2017-01-24 10:20:20',79,NULL),(102,'RebeccaList3',1,0,0,0,'2017-01-24 10:20:20',79,NULL),(103,'RebeccaList4',1,0,0,0,'2017-01-24 10:20:20',79,NULL),(104,'RebeccaList5',1,0,0,0,'2017-01-24 10:20:20',79,NULL),(105,'RebeccaList6',1,0,0,0,'2017-01-24 10:20:20',79,NULL),(106,'RebeccaList7',1,0,0,0,'2017-01-24 10:20:20',79,NULL),(107,'RebeccaList8',1,0,0,0,'2017-01-24 10:20:20',79,NULL),(108,'RebeccaList9',1,0,0,0,'2017-01-24 10:20:20',79,NULL);
/*!40000 ALTER TABLE `shopping_list` ENABLE KEYS */;
UNLOCK TABLES;
/*!40103 SET TIME_ZONE=@OLD_TIME_ZONE */;

/*!40101 SET SQL_MODE=@OLD_SQL_MODE */;
/*!40014 SET FOREIGN_KEY_CHECKS=@OLD_FOREIGN_KEY_CHECKS */;
/*!40014 SET UNIQUE_CHECKS=@OLD_UNIQUE_CHECKS */;
/*!40101 SET CHARACTER_SET_CLIENT=@OLD_CHARACTER_SET_CLIENT */;
/*!40101 SET CHARACTER_SET_RESULTS=@OLD_CHARACTER_SET_RESULTS */;
/*!40101 SET COLLATION_CONNECTION=@OLD_COLLATION_CONNECTION */;
/*!40111 SET SQL_NOTES=@OLD_SQL_NOTES */;

-- Dump completed on 2017-01-31 23:11:41
